id	user	date	date_kind	lon	lat	accuracy	url
c6430c06-4514-42bd-9390-e3a06ad9274d	ed9fa131-af4e-42f6-8e3c-ed8bf742b139|sykul	2025-07-27T05:03:39.109000+00:00	taken	105.851600639	21.031824111	5.0	https://api.panoramax.xyz/api/collections/1bbe51df-570b-4a24-9b15-2b2148698e5b/items/c6430c06-4514-42bd-9390-e3a06ad9274d
1c0727aa-1fc9-45cc-9c7f-8c7de43c6fdf	ed9fa131-af4e-42f6-8e3c-ed8bf742b139|sykul	2025-07-26T13:44:44.496000+00:00	taken	105.853904722	21.032066333	5.0	https://api.panoramax.xyz/api/collections/1418d770-8d88-4d79-a93d-5673ff30fb82/items/1c0727aa-1fc9-45cc-9c7f-8c7de43c6fdf
2adb87ef-d5f3-4c83-87cc-bb88fcd66660	ed9fa131-af4e-42f6-8e3c-ed8bf742b139|sykul	2025-07-26T14:44:29.173000+00:00	taken	105.853858944	21.031160333	5.0	https://api.panoramax.xyz/api/collections/ce22c542-0db7-4e83-9986-98a8e4d32e4c/items/2adb87ef-d5f3-4c83-87cc-bb88fcd66660
fa9ab0e8-0850-4cec-8dda-492c77b71b49	ed9fa131-af4e-42f6-8e3c-ed8bf742b139|sykul	2025-07-26T14:44:05.846000+00:00	taken	105.853919972	21.031122194	5.0	https://api.panoramax.xyz/api/collections/ce22c542-0db7-4e83-9986-98a8e4d32e4c/items/fa9ab0e8-0850-4cec-8dda-492c77b71b49
3845df6a-e3f1-4308-b53a-f4ecc71c90f2	ed9fa131-af4e-42f6-8e3c-ed8bf742b139|sykul	2025-07-27T05:25:41.458000+00:00	taken	105.845413194	21.029348361	5.0	https://api.panoramax.xyz/api/collections/3dc00b53-6684-44e9-8f08-e9703ebf54e5/items/3845df6a-e3f1-4308-b53a-f4ecc71c90f2
590b41a4-24da-4db9-8f37-9c1982e8cff0	ed9fa131-af4e-42f6-8e3c-ed8bf742b139|sykul	2025-07-27T08:46:47.370000+00:00	taken	105.847930889	21.028181056	5.0	https://api.panoramax.xyz/api/collections/62116134-1268-4ebb-a103-8fb28d67542e/items/590b41a4-24da-4db9-8f37-9c1982e8cff0
66a7408e-1ed0-45d8-bfac-79d529012d80	ed9fa131-af4e-42f6-8e3c-ed8bf742b139|sykul	2025-07-29T15:39:31.818000+00:00	taken	105.844024639	21.028602583	5.0	https://api.panoramax.xyz/api/collections/50a96189-365e-4175-a134-8483d8bc0d70/items/66a7408e-1ed0-45d8-bfac-79d529012d80
0df61dee-87cd-450d-9939-1c867f68af2d	ed9fa131-af4e-42f6-8e3c-ed8bf742b139|sykul	2025-07-27T08:44:41.333000+00:00	taken	105.847854611	21.027397139	5.0	https://api.panoramax.xyz/api/collections/8b0563f0-408d-43fc-b3b6-630c7bad66b9/items/0df61dee-87cd-450d-9939-1c867f68af2d
b85d377d-da56-4d29-9644-9953d0c35fc9	ed9fa131-af4e-42f6-8e3c-ed8bf742b139|sykul	2025-07-27T08:44:36.400000+00:00	taken	105.847862222	21.027362806	5.0	https://api.panoramax.xyz/api/collections/8b0563f0-408d-43fc-b3b6-630c7bad66b9/items/b85d377d-da56-4d29-9644-9953d0c35fc9
25d2b39c-10c3-4eff-8573-604bef9fbf16	ed9fa131-af4e-42f6-8e3c-ed8bf742b139|sykul	2025-07-27T08:44:21.165000+00:00	taken	105.847846972	21.027252194	5.0	https://api.panoramax.xyz/api/collections/8b0563f0-408d-43fc-b3b6-630c7bad66b9/items/25d2b39c-10c3-4eff-8573-604bef9fbf16
4d3e4086-47ad-48f3-bc96-7f14e9322e29	ed9fa131-af4e-42f6-8e3c-ed8bf742b139|sykul	2025-07-27T08:44:14.978000+00:00	taken	105.847831722	21.027202583	5.0	https://api.panoramax.xyz/api/collections/8b0563f0-408d-43fc-b3b6-630c7bad66b9/items/4d3e4086-47ad-48f3-bc96-7f14e9322e29
951f1613-4a80-464d-90c0-16cc1d4449f7	ed9fa131-af4e-42f6-8e3c-ed8bf742b139|sykul	2025-07-27T08:44:07.612000+00:00	taken	105.847808833	21.027145361	5.0	https://api.panoramax.xyz/api/collections/8b0563f0-408d-43fc-b3b6-630c7bad66b9/items/951f1613-4a80-464d-90c0-16cc1d4449f7
bd6d8faa-dd97-490c-8c46-1b91587565be	ed9fa131-af4e-42f6-8e3c-ed8bf742b139|sykul	2025-07-27T08:43:56.838000+00:00	taken	105.847846972	21.027053833	5.0	https://api.panoramax.xyz/api/collections/8b0563f0-408d-43fc-b3b6-630c7bad66b9/items/bd6d8faa-dd97-490c-8c46-1b91587565be
27c2bdb3-8355-458e-9eb5-dc3a56418e75	ed9fa131-af4e-42f6-8e3c-ed8bf742b139|sykul	2025-07-27T08:43:48.126000+00:00	taken	105.847839333	21.026992778	5.0	https://api.panoramax.xyz/api/collections/8b0563f0-408d-43fc-b3b6-630c7bad66b9/items/27c2bdb3-8355-458e-9eb5-dc3a56418e75
75112786-4596-4c08-a264-1c10bb1dfc1e	ed9fa131-af4e-42f6-8e3c-ed8bf742b139|sykul	2025-07-27T05:34:10.512000+00:00	taken	105.842971778	21.027963611	5.0	https://api.panoramax.xyz/api/collections/dd110397-ad18-41d0-b43f-1301cdaff8b1/items/75112786-4596-4c08-a264-1c10bb1dfc1e
68467d22-6f54-4029-8a4b-098bdfaf52d5	ed9fa131-af4e-42f6-8e3c-ed8bf742b139|sykul	2025-07-27T08:43:42.214000+00:00	taken	105.847785944	21.026952722	5.0	https://api.panoramax.xyz/api/collections/8b0563f0-408d-43fc-b3b6-630c7bad66b9/items/68467d22-6f54-4029-8a4b-098bdfaf52d5
ca5473d1-d299-410e-a4e6-e73f977e524f	ed9fa131-af4e-42f6-8e3c-ed8bf742b139|sykul	2025-07-27T08:43:30.572000+00:00	taken	105.847732528	21.026714306	5.0	https://api.panoramax.xyz/api/collections/8b0563f0-408d-43fc-b3b6-630c7bad66b9/items/ca5473d1-d299-410e-a4e6-e73f977e524f
3ea8ae5d-bace-43ac-a958-c195dc4c94bd	ed9fa131-af4e-42f6-8e3c-ed8bf742b139|sykul	2025-07-27T08:42:57.493000+00:00	taken	105.84765625	21.026662806	5.0	https://api.panoramax.xyz/api/collections/8b0563f0-408d-43fc-b3b6-630c7bad66b9/items/3ea8ae5d-bace-43ac-a958-c195dc4c94bd
b7a8dc56-34af-498e-b1eb-95cad0f38406	ed9fa131-af4e-42f6-8e3c-ed8bf742b139|sykul	2025-07-31T09:06:57.494000+00:00	taken	105.842041	21.027931194	5.0	https://api.panoramax.xyz/api/collections/ac87ffd8-c235-414e-b6ca-a083890993d4/items/b7a8dc56-34af-498e-b1eb-95cad0f38406
c8153fab-6530-4209-af98-dbc963c42261	ed9fa131-af4e-42f6-8e3c-ed8bf742b139|sykul	2025-07-27T07:11:58.043000+00:00	taken	105.841766333	21.027887333	5.0	https://api.panoramax.xyz/api/collections/c7b0b453-e38c-4e2c-bf69-10c6e339f4c6/items/c8153fab-6530-4209-af98-dbc963c42261
a8a80e94-4827-4bdf-9822-3203317da9aa	ed9fa131-af4e-42f6-8e3c-ed8bf742b139|sykul	2025-07-27T08:42:43.275000+00:00	taken	105.847572306	21.026418667	5.0	https://api.panoramax.xyz/api/collections/8b0563f0-408d-43fc-b3b6-630c7bad66b9/items/a8a80e94-4827-4bdf-9822-3203317da9aa
f537abe1-45c9-4f95-b329-62d4e3c8dd72	ed9fa131-af4e-42f6-8e3c-ed8bf742b139|sykul	2025-07-27T07:12:02.683000+00:00	taken	105.841606139	21.027797694	5.0	https://api.panoramax.xyz/api/collections/c7b0b453-e38c-4e2c-bf69-10c6e339f4c6/items/f537abe1-45c9-4f95-b329-62d4e3c8dd72
15bab974-1e4b-4ad7-bd1f-92862ffcb93a	ed9fa131-af4e-42f6-8e3c-ed8bf742b139|sykul	2025-07-27T07:12:09.066000+00:00	taken	105.841529833	21.02781675	5.0	https://api.panoramax.xyz/api/collections/c7b0b453-e38c-4e2c-bf69-10c6e339f4c6/items/15bab974-1e4b-4ad7-bd1f-92862ffcb93a
3101ddc6-a250-4849-ac03-e54595a19f4e	ed9fa131-af4e-42f6-8e3c-ed8bf742b139|sykul	2025-07-31T09:36:02.551000+00:00	taken	105.841636639	21.027767167	5.0	https://api.panoramax.xyz/api/collections/f4fc204e-b548-44c8-8c9d-47668f445a55/items/3101ddc6-a250-4849-ac03-e54595a19f4e
e1155652-989a-46c8-8c31-955a119c7594	ed9fa131-af4e-42f6-8e3c-ed8bf742b139|sykul	2025-07-27T07:12:05.654000+00:00	taken	105.841552722	21.027797694	5.0	https://api.panoramax.xyz/api/collections/c7b0b453-e38c-4e2c-bf69-10c6e339f4c6/items/e1155652-989a-46c8-8c31-955a119c7594
5c2de9bb-fc9b-424d-a6e4-1fefa5f903c8	ed9fa131-af4e-42f6-8e3c-ed8bf742b139|sykul	2025-07-31T09:36:07.395000+00:00	taken	105.841590861	21.027776694	5.0	https://api.panoramax.xyz/api/collections/f4fc204e-b548-44c8-8c9d-47668f445a55/items/5c2de9bb-fc9b-424d-a6e4-1fefa5f903c8
b2a7029a-5d54-4a92-98be-dea01e22bb5f	ed9fa131-af4e-42f6-8e3c-ed8bf742b139|sykul	2025-07-27T08:42:25.096000+00:00	taken	105.847557056	21.026363361	5.0	https://api.panoramax.xyz/api/collections/8b0563f0-408d-43fc-b3b6-630c7bad66b9/items/b2a7029a-5d54-4a92-98be-dea01e22bb5f
01f5308b-df4d-4a20-9bc2-8600eb7a1935	ed9fa131-af4e-42f6-8e3c-ed8bf742b139|sykul	2025-07-27T07:27:49.635000+00:00	taken	105.84506225	21.026664722	5.0	https://api.panoramax.xyz/api/collections/7453a901-01b4-49c4-81dd-c3a63af78edb/items/01f5308b-df4d-4a20-9bc2-8600eb7a1935
d0ef4968-cb83-435c-a69e-70c9b82ac174	ed9fa131-af4e-42f6-8e3c-ed8bf742b139|sykul	2025-07-27T07:15:09.890000+00:00	taken	105.841644278	21.027658444	5.0	https://api.panoramax.xyz/api/collections/8f4aaf9a-00cf-4c15-9a86-3c6f13c8c8c4/items/d0ef4968-cb83-435c-a69e-70c9b82ac174
a59b5605-b45f-4d91-b519-a1715e0fb2c6	ed9fa131-af4e-42f6-8e3c-ed8bf742b139|sykul	2025-07-27T07:27:46.527000+00:00	taken	105.845016472	21.026670444	5.0	https://api.panoramax.xyz/api/collections/7453a901-01b4-49c4-81dd-c3a63af78edb/items/a59b5605-b45f-4d91-b519-a1715e0fb2c6
4a79ce4e-d7e9-4d7d-9e8b-11a7adc0e8e1	ed9fa131-af4e-42f6-8e3c-ed8bf742b139|sykul	2025-07-27T07:27:37.509000+00:00	taken	105.844909667	21.026689528	5.0	https://api.panoramax.xyz/api/collections/7453a901-01b4-49c4-81dd-c3a63af78edb/items/4a79ce4e-d7e9-4d7d-9e8b-11a7adc0e8e1
6512df79-217c-409b-9a2b-1b3669baa358	ed9fa131-af4e-42f6-8e3c-ed8bf742b139|sykul	2025-07-27T07:27:34.132000+00:00	taken	105.84485625	21.026699056	5.0	https://api.panoramax.xyz/api/collections/7453a901-01b4-49c4-81dd-c3a63af78edb/items/6512df79-217c-409b-9a2b-1b3669baa358
828c5641-c564-43e6-866b-d2ae0ff8a7fe	ed9fa131-af4e-42f6-8e3c-ed8bf742b139|sykul	2025-07-27T07:27:30.826000+00:00	taken	105.844825722	21.026704778	5.0	https://api.panoramax.xyz/api/collections/7453a901-01b4-49c4-81dd-c3a63af78edb/items/828c5641-c564-43e6-866b-d2ae0ff8a7fe
4b451d69-9bc8-42d7-bef3-5b2b167e6290	ed9fa131-af4e-42f6-8e3c-ed8bf742b139|sykul	2025-07-27T07:27:43.490000+00:00	taken	105.844978306	21.026668528	5.0	https://api.panoramax.xyz/api/collections/7453a901-01b4-49c4-81dd-c3a63af78edb/items/4b451d69-9bc8-42d7-bef3-5b2b167e6290
9da29fb3-6e80-45ae-b987-24caa624d9a7	ed9fa131-af4e-42f6-8e3c-ed8bf742b139|sykul	2025-07-27T07:27:40.514000+00:00	taken	105.844955444	21.026672361	5.0	https://api.panoramax.xyz/api/collections/7453a901-01b4-49c4-81dd-c3a63af78edb/items/9da29fb3-6e80-45ae-b987-24caa624d9a7
17278cb8-3376-4c27-886c-eaed47d11562	ed9fa131-af4e-42f6-8e3c-ed8bf742b139|sykul	2025-07-27T07:27:27.780000+00:00	taken	105.844795222	21.026702861	5.0	https://api.panoramax.xyz/api/collections/7453a901-01b4-49c4-81dd-c3a63af78edb/items/17278cb8-3376-4c27-886c-eaed47d11562
f21f5fda-85c8-4f82-8d29-700e05accb29	ed9fa131-af4e-42f6-8e3c-ed8bf742b139|sykul	2025-07-27T07:21:53.256000+00:00	taken	105.843627917	21.026985167	5.0	https://api.panoramax.xyz/api/collections/10e04837-8103-4e57-bea9-6cad2ed229c5/items/f21f5fda-85c8-4f82-8d29-700e05accb29
ab0af8a1-8e79-4638-9cb2-6615af576509	ed9fa131-af4e-42f6-8e3c-ed8bf742b139|sykul	2025-07-27T07:27:24.541000+00:00	taken	105.844749444	21.026697139	5.0	https://api.panoramax.xyz/api/collections/7453a901-01b4-49c4-81dd-c3a63af78edb/items/ab0af8a1-8e79-4638-9cb2-6615af576509
c7517bbf-1b9e-4f2a-84c3-74a7ff6d1924	ed9fa131-af4e-42f6-8e3c-ed8bf742b139|sykul	2025-07-27T07:27:52.679000+00:00	taken	105.845108028	21.026617028	5.0	https://api.panoramax.xyz/api/collections/7453a901-01b4-49c4-81dd-c3a63af78edb/items/c7517bbf-1b9e-4f2a-84c3-74a7ff6d1924
64e962d4-89d9-474e-bdc1-b17a397109a6	ed9fa131-af4e-42f6-8e3c-ed8bf742b139|sykul	2025-07-27T07:21:47.137000+00:00	taken	105.843551611	21.026992778	5.0	https://api.panoramax.xyz/api/collections/10e04837-8103-4e57-bea9-6cad2ed229c5/items/64e962d4-89d9-474e-bdc1-b17a397109a6
f9dea726-eaef-41b1-85d8-206b2c8e3996	ed9fa131-af4e-42f6-8e3c-ed8bf742b139|sykul	2025-07-27T07:21:44.106000+00:00	taken	105.843498222	21.027002333	5.0	https://api.panoramax.xyz/api/collections/10e04837-8103-4e57-bea9-6cad2ed229c5/items/f9dea726-eaef-41b1-85d8-206b2c8e3996
b12a6945-588a-4cbc-ae32-bc30c01664ef	ed9fa131-af4e-42f6-8e3c-ed8bf742b139|sykul	2025-07-27T07:21:50.111000+00:00	taken	105.843582139	21.026977528	5.0	https://api.panoramax.xyz/api/collections/10e04837-8103-4e57-bea9-6cad2ed229c5/items/b12a6945-588a-4cbc-ae32-bc30c01664ef
07cba7f1-8591-44f1-8bc1-2b243bbf496c	ed9fa131-af4e-42f6-8e3c-ed8bf742b139|sykul	2025-07-27T07:27:55.548000+00:00	taken	105.845115639	21.026601778	5.0	https://api.panoramax.xyz/api/collections/7453a901-01b4-49c4-81dd-c3a63af78edb/items/07cba7f1-8591-44f1-8bc1-2b243bbf496c
68cb5f5e-dcc4-4529-9288-bcf143e856ea	ed9fa131-af4e-42f6-8e3c-ed8bf742b139|sykul	2025-07-27T07:15:31.561000+00:00	taken	105.841987583	21.027475333	5.0	https://api.panoramax.xyz/api/collections/8f4aaf9a-00cf-4c15-9a86-3c6f13c8c8c4/items/68cb5f5e-dcc4-4529-9288-bcf143e856ea
9c7e36fb-bcaf-4129-ba18-5dfe2be4dfa1	ed9fa131-af4e-42f6-8e3c-ed8bf742b139|sykul	2025-07-27T07:15:13.191000+00:00	taken	105.841705306	21.027576444	5.0	https://api.panoramax.xyz/api/collections/8f4aaf9a-00cf-4c15-9a86-3c6f13c8c8c4/items/9c7e36fb-bcaf-4129-ba18-5dfe2be4dfa1
9c15efeb-9e8d-43ce-9afd-2155ca337254	ed9fa131-af4e-42f6-8e3c-ed8bf742b139|sykul	2025-07-27T07:27:21.158000+00:00	taken	105.844718917	21.026681889	5.0	https://api.panoramax.xyz/api/collections/7453a901-01b4-49c4-81dd-c3a63af78edb/items/9c15efeb-9e8d-43ce-9afd-2155ca337254
cd7709c2-7f3e-41c9-95c3-95754fb3c9f8	ed9fa131-af4e-42f6-8e3c-ed8bf742b139|sykul	2025-07-27T07:25:12.712000+00:00	taken	105.844398472	21.026754361	5.0	https://api.panoramax.xyz/api/collections/27ae789d-4e8a-4fff-9316-1c03c6cb36fc/items/cd7709c2-7f3e-41c9-95c3-95754fb3c9f8
0f69fc80-de4a-434c-9c24-dcdf408f2402	ed9fa131-af4e-42f6-8e3c-ed8bf742b139|sykul	2025-07-27T07:21:41.189000+00:00	taken	105.843475333	21.026990889	5.0	https://api.panoramax.xyz/api/collections/10e04837-8103-4e57-bea9-6cad2ed229c5/items/0f69fc80-de4a-434c-9c24-dcdf408f2402
ad1db3c5-5422-4c84-8ef6-ca2ee113113c	ed9fa131-af4e-42f6-8e3c-ed8bf742b139|sykul	2025-07-27T07:25:15.716000+00:00	taken	105.84441375	21.026742917	5.0	https://api.panoramax.xyz/api/collections/27ae789d-4e8a-4fff-9316-1c03c6cb36fc/items/ad1db3c5-5422-4c84-8ef6-ca2ee113113c
6ae9efcc-f797-468f-871c-4c7b241ba488	ed9fa131-af4e-42f6-8e3c-ed8bf742b139|sykul	2025-07-27T07:27:17.982000+00:00	taken	105.844680778	21.026676167	5.0	https://api.panoramax.xyz/api/collections/7453a901-01b4-49c4-81dd-c3a63af78edb/items/6ae9efcc-f797-468f-871c-4c7b241ba488
c4ad9b81-059b-41e1-99fb-f56d80079b50	ed9fa131-af4e-42f6-8e3c-ed8bf742b139|sykul	2025-07-27T07:15:34.771000+00:00	taken	105.842010472	21.027450556	5.0	https://api.panoramax.xyz/api/collections/8f4aaf9a-00cf-4c15-9a86-3c6f13c8c8c4/items/c4ad9b81-059b-41e1-99fb-f56d80079b50
42c2f7b5-083f-45e2-a73e-5d51911ed451	ed9fa131-af4e-42f6-8e3c-ed8bf742b139|sykul	2025-07-27T07:15:28.457000+00:00	taken	105.841957083	21.027465806	5.0	https://api.panoramax.xyz/api/collections/8f4aaf9a-00cf-4c15-9a86-3c6f13c8c8c4/items/42c2f7b5-083f-45e2-a73e-5d51911ed451
4ce2e93c-3f0c-466f-b1af-c2912ed5730d	ed9fa131-af4e-42f6-8e3c-ed8bf742b139|sykul	2025-07-27T07:21:32.242000+00:00	taken	105.843406667	21.0269985	5.0	https://api.panoramax.xyz/api/collections/10e04837-8103-4e57-bea9-6cad2ed229c5/items/4ce2e93c-3f0c-466f-b1af-c2912ed5730d
db5ba556-6fbc-4165-b977-cb53a0615bf3	ed9fa131-af4e-42f6-8e3c-ed8bf742b139|sykul	2025-07-27T07:25:18.724000+00:00	taken	105.844436639	21.026727667	5.0	https://api.panoramax.xyz/api/collections/27ae789d-4e8a-4fff-9316-1c03c6cb36fc/items/db5ba556-6fbc-4165-b977-cb53a0615bf3
707e0a39-385d-458a-bb7b-84291d42acf9	ed9fa131-af4e-42f6-8e3c-ed8bf742b139|sykul	2025-07-27T07:27:58.453000+00:00	taken	105.845123278	21.026573167	5.0	https://api.panoramax.xyz/api/collections/7453a901-01b4-49c4-81dd-c3a63af78edb/items/707e0a39-385d-458a-bb7b-84291d42acf9
bf8a617c-4583-46ed-b4e7-746aadb0698d	ed9fa131-af4e-42f6-8e3c-ed8bf742b139|sykul	2025-07-27T07:21:35.318000+00:00	taken	105.843421917	21.026987056	5.0	https://api.panoramax.xyz/api/collections/10e04837-8103-4e57-bea9-6cad2ed229c5/items/bf8a617c-4583-46ed-b4e7-746aadb0698d
79c176ac-a87d-4f8a-9db0-437fe35e22dc	ed9fa131-af4e-42f6-8e3c-ed8bf742b139|sykul	2025-07-27T07:21:38.156000+00:00	taken	105.843444806	21.026979444	5.0	https://api.panoramax.xyz/api/collections/10e04837-8103-4e57-bea9-6cad2ed229c5/items/79c176ac-a87d-4f8a-9db0-437fe35e22dc
4b7f883b-bfa1-42bf-bf6f-54f2cf4bb816	ed9fa131-af4e-42f6-8e3c-ed8bf742b139|sykul	2025-07-27T07:26:43.389000+00:00	taken	105.844497667	21.026697139	5.0	https://api.panoramax.xyz/api/collections/7453a901-01b4-49c4-81dd-c3a63af78edb/items/4b7f883b-bfa1-42bf-bf6f-54f2cf4bb816
1f354452-e2d6-463a-9bd3-4ed92aac5a23	ed9fa131-af4e-42f6-8e3c-ed8bf742b139|sykul	2025-07-27T07:27:14.674000+00:00	taken	105.844665528	21.026657083	5.0	https://api.panoramax.xyz/api/collections/7453a901-01b4-49c4-81dd-c3a63af78edb/items/1f354452-e2d6-463a-9bd3-4ed92aac5a23
ded75c1b-6027-425e-8d39-7464341b4117	ed9fa131-af4e-42f6-8e3c-ed8bf742b139|sykul	2025-07-27T07:21:10.253000+00:00	taken	105.843139639	21.027057639	5.0	https://api.panoramax.xyz/api/collections/10e04837-8103-4e57-bea9-6cad2ed229c5/items/ded75c1b-6027-425e-8d39-7464341b4117
f2d13017-d1b4-415a-9ce9-6847a8e1534b	ed9fa131-af4e-42f6-8e3c-ed8bf742b139|sykul	2025-07-27T07:15:25.315000+00:00	taken	105.841911306	21.027460083	5.0	https://api.panoramax.xyz/api/collections/8f4aaf9a-00cf-4c15-9a86-3c6f13c8c8c4/items/f2d13017-d1b4-415a-9ce9-6847a8e1534b
6403ed4d-0c59-44f0-ba65-b2e185301458	ed9fa131-af4e-42f6-8e3c-ed8bf742b139|sykul	2025-07-27T07:21:29.168000+00:00	taken	105.843376139	21.026985167	5.0	https://api.panoramax.xyz/api/collections/10e04837-8103-4e57-bea9-6cad2ed229c5/items/6403ed4d-0c59-44f0-ba65-b2e185301458
bece85ef-54bb-4e5b-b8da-a065ef6f6786	ed9fa131-af4e-42f6-8e3c-ed8bf742b139|sykul	2025-07-27T07:21:13.365000+00:00	taken	105.843170139	21.027044278	5.0	https://api.panoramax.xyz/api/collections/10e04837-8103-4e57-bea9-6cad2ed229c5/items/bece85ef-54bb-4e5b-b8da-a065ef6f6786
0b4e7de8-7924-47d8-b4dc-9d1aba49877b	ed9fa131-af4e-42f6-8e3c-ed8bf742b139|sykul	2025-07-27T07:25:06.528000+00:00	taken	105.844436639	21.026702861	5.0	https://api.panoramax.xyz/api/collections/27ae789d-4e8a-4fff-9316-1c03c6cb36fc/items/0b4e7de8-7924-47d8-b4dc-9d1aba49877b
50a1d230-35a5-46ca-9eda-d8c9b927df98	ed9fa131-af4e-42f6-8e3c-ed8bf742b139|sykul	2025-07-27T07:26:40.012000+00:00	taken	105.844467139	21.02669525	5.0	https://api.panoramax.xyz/api/collections/7453a901-01b4-49c4-81dd-c3a63af78edb/items/50a1d230-35a5-46ca-9eda-d8c9b927df98
e466bfe3-d3be-4002-8833-a3bc7ca59d34	ed9fa131-af4e-42f6-8e3c-ed8bf742b139|sykul	2025-07-27T07:15:16.268000+00:00	taken	105.841735833	21.027517306	5.0	https://api.panoramax.xyz/api/collections/8f4aaf9a-00cf-4c15-9a86-3c6f13c8c8c4/items/e466bfe3-d3be-4002-8833-a3bc7ca59d34
fc8e83f8-f2b8-4c5f-b200-c9fe356d557d	ed9fa131-af4e-42f6-8e3c-ed8bf742b139|sykul	2025-07-27T07:15:22.455000+00:00	taken	105.841835	21.027471528	5.0	https://api.panoramax.xyz/api/collections/8f4aaf9a-00cf-4c15-9a86-3c6f13c8c8c4/items/fc8e83f8-f2b8-4c5f-b200-c9fe356d557d
45ec140f-b6cc-4b28-bdb7-f00c30521b56	ed9fa131-af4e-42f6-8e3c-ed8bf742b139|sykul	2025-07-27T07:09:57.584000+00:00	taken	105.841499306	21.027593611	5.0	https://api.panoramax.xyz/api/collections/8bdabb41-de7d-42eb-9609-732de0912aab/items/45ec140f-b6cc-4b28-bdb7-f00c30521b56
d6bed072-47ea-4411-8223-a5a8c771538d	ed9fa131-af4e-42f6-8e3c-ed8bf742b139|sykul	2025-07-27T07:21:26.027000+00:00	taken	105.843338	21.026979444	5.0	https://api.panoramax.xyz/api/collections/10e04837-8103-4e57-bea9-6cad2ed229c5/items/d6bed072-47ea-4411-8223-a5a8c771538d
94c8956e-0d59-4b3a-be7d-e1e4843c80cb	ed9fa131-af4e-42f6-8e3c-ed8bf742b139|sykul	2025-07-27T07:21:07.038000+00:00	taken	105.8431015	21.027046194	5.0	https://api.panoramax.xyz/api/collections/10e04837-8103-4e57-bea9-6cad2ed229c5/items/94c8956e-0d59-4b3a-be7d-e1e4843c80cb
2fc8e35e-092f-417a-8033-c66602039b0a	ed9fa131-af4e-42f6-8e3c-ed8bf742b139|sykul	2025-07-27T07:28:01.559000+00:00	taken	105.845146167	21.026521667	5.0	https://api.panoramax.xyz/api/collections/7453a901-01b4-49c4-81dd-c3a63af78edb/items/2fc8e35e-092f-417a-8033-c66602039b0a
ee91bfca-c966-41ee-a778-f804573b9135	ed9fa131-af4e-42f6-8e3c-ed8bf742b139|sykul	2025-07-27T07:26:46.803000+00:00	taken	105.844528194	21.026657083	5.0	https://api.panoramax.xyz/api/collections/7453a901-01b4-49c4-81dd-c3a63af78edb/items/ee91bfca-c966-41ee-a778-f804573b9135
d732df2c-b0c1-4521-95dc-de06d32499fd	ed9fa131-af4e-42f6-8e3c-ed8bf742b139|sykul	2025-07-27T07:23:15.539000+00:00	taken	105.844169611	21.026742917	5.0	https://api.panoramax.xyz/api/collections/10e04837-8103-4e57-bea9-6cad2ed229c5/items/d732df2c-b0c1-4521-95dc-de06d32499fd
6a0fa54e-60b4-433c-b14a-cad53ca22804	ed9fa131-af4e-42f6-8e3c-ed8bf742b139|sykul	2025-07-27T08:42:11.271000+00:00	taken	105.847518917	21.026151639	5.0	https://api.panoramax.xyz/api/collections/8b0563f0-408d-43fc-b3b6-630c7bad66b9/items/6a0fa54e-60b4-433c-b14a-cad53ca22804
78dc003a-9747-4701-a2d2-06a7684f061c	ed9fa131-af4e-42f6-8e3c-ed8bf742b139|sykul	2025-07-27T07:21:22.619000+00:00	taken	105.843292222	21.026979444	5.0	https://api.panoramax.xyz/api/collections/10e04837-8103-4e57-bea9-6cad2ed229c5/items/78dc003a-9747-4701-a2d2-06a7684f061c
0c21e086-c7a2-41b9-9878-175c736fda5f	ed9fa131-af4e-42f6-8e3c-ed8bf742b139|sykul	2025-07-27T07:21:16.433000+00:00	taken	105.843200667	21.027006139	5.0	https://api.panoramax.xyz/api/collections/10e04837-8103-4e57-bea9-6cad2ed229c5/items/0c21e086-c7a2-41b9-9878-175c736fda5f
fcb5e337-6893-4a3e-b4f5-3cf0253ca838	ed9fa131-af4e-42f6-8e3c-ed8bf742b139|sykul	2025-07-27T07:26:37.072000+00:00	taken	105.84444425	21.026672361	5.0	https://api.panoramax.xyz/api/collections/7453a901-01b4-49c4-81dd-c3a63af78edb/items/fcb5e337-6893-4a3e-b4f5-3cf0253ca838
3ef5d6b8-4fec-4fd7-a91c-09f7debaee5e	ed9fa131-af4e-42f6-8e3c-ed8bf742b139|sykul	2025-07-27T07:27:11.360000+00:00	taken	105.844680778	21.026617028	5.0	https://api.panoramax.xyz/api/collections/7453a901-01b4-49c4-81dd-c3a63af78edb/items/3ef5d6b8-4fec-4fd7-a91c-09f7debaee5e
51dd204b-45b4-4249-83ba-3ba490eaece9	ed9fa131-af4e-42f6-8e3c-ed8bf742b139|sykul	2025-07-27T07:23:12.462000+00:00	taken	105.844146722	21.026744833	5.0	https://api.panoramax.xyz/api/collections/10e04837-8103-4e57-bea9-6cad2ed229c5/items/51dd204b-45b4-4249-83ba-3ba490eaece9
d8d1f521-700c-4637-9158-63fe5ab01889	ed9fa131-af4e-42f6-8e3c-ed8bf742b139|sykul	2025-07-27T07:15:19.400000+00:00	taken	105.841751083	21.027481056	5.0	https://api.panoramax.xyz/api/collections/8f4aaf9a-00cf-4c15-9a86-3c6f13c8c8c4/items/d8d1f521-700c-4637-9158-63fe5ab01889
9f4e00b4-d4f0-4ae3-8417-f90099662653	ed9fa131-af4e-42f6-8e3c-ed8bf742b139|sykul	2025-07-27T07:09:51.506000+00:00	taken	105.841438278	21.027597417	5.0	https://api.panoramax.xyz/api/collections/8bdabb41-de7d-42eb-9609-732de0912aab/items/9f4e00b4-d4f0-4ae3-8417-f90099662653
2474fe8f-945a-478e-97cd-8c4ed91c9a68	ed9fa131-af4e-42f6-8e3c-ed8bf742b139|sykul	2025-07-27T07:24:45.859000+00:00	taken	105.844390861	21.026681889	5.0	https://api.panoramax.xyz/api/collections/27ae789d-4e8a-4fff-9316-1c03c6cb36fc/items/2474fe8f-945a-478e-97cd-8c4ed91c9a68
17f3cfb7-2889-4c74-8d1c-d30065c49baf	ed9fa131-af4e-42f6-8e3c-ed8bf742b139|sykul	2025-07-27T07:09:54.544000+00:00	taken	105.841468806	21.027584056	5.0	https://api.panoramax.xyz/api/collections/8bdabb41-de7d-42eb-9609-732de0912aab/items/17f3cfb7-2889-4c74-8d1c-d30065c49baf
a650118c-6099-4ad0-aa6a-d9da4241f4a3	ed9fa131-af4e-42f6-8e3c-ed8bf742b139|sykul	2025-07-27T07:23:06.383000+00:00	taken	105.844070417	21.026758167	5.0	https://api.panoramax.xyz/api/collections/10e04837-8103-4e57-bea9-6cad2ed229c5/items/a650118c-6099-4ad0-aa6a-d9da4241f4a3
6c94bf53-903d-49a4-a6c9-6613ec60ec14	ed9fa131-af4e-42f6-8e3c-ed8bf742b139|sykul	2025-07-27T07:21:03.898000+00:00	taken	105.843063333	21.027038556	5.0	https://api.panoramax.xyz/api/collections/10e04837-8103-4e57-bea9-6cad2ed229c5/items/6c94bf53-903d-49a4-a6c9-6613ec60ec14
a774574f-09e5-4078-890c-75b5f49eeb36	ed9fa131-af4e-42f6-8e3c-ed8bf742b139|sykul	2025-07-27T07:26:33.947000+00:00	taken	105.844406111	21.02667425	5.0	https://api.panoramax.xyz/api/collections/7453a901-01b4-49c4-81dd-c3a63af78edb/items/a774574f-09e5-4078-890c-75b5f49eeb36
bf9d5f07-29a2-41cd-b2e8-75c066919bc3	ed9fa131-af4e-42f6-8e3c-ed8bf742b139|sykul	2025-07-27T07:09:42.382000+00:00	taken	105.841369611	21.027618389	5.0	https://api.panoramax.xyz/api/collections/8bdabb41-de7d-42eb-9609-732de0912aab/items/bf9d5f07-29a2-41cd-b2e8-75c066919bc3
98c9b305-6dbe-4fe1-a46a-6dfc502dc2aa	ed9fa131-af4e-42f6-8e3c-ed8bf742b139|sykul	2025-07-27T07:09:39.008000+00:00	taken	105.841339111	21.027629833	5.0	https://api.panoramax.xyz/api/collections/8bdabb41-de7d-42eb-9609-732de0912aab/items/98c9b305-6dbe-4fe1-a46a-6dfc502dc2aa
409ec2da-213d-4c51-ba68-f21b8203ec00	ed9fa131-af4e-42f6-8e3c-ed8bf742b139|sykul	2025-07-27T07:23:02.971000+00:00	taken	105.844039917	21.026763889	5.0	https://api.panoramax.xyz/api/collections/10e04837-8103-4e57-bea9-6cad2ed229c5/items/409ec2da-213d-4c51-ba68-f21b8203ec00
f052af0d-18a3-4863-b613-d4fd45d9d052	ed9fa131-af4e-42f6-8e3c-ed8bf742b139|sykul	2025-07-27T07:22:56.556000+00:00	taken	105.843955972	21.026784889	5.0	https://api.panoramax.xyz/api/collections/10e04837-8103-4e57-bea9-6cad2ed229c5/items/f052af0d-18a3-4863-b613-d4fd45d9d052
ae476490-d093-4cac-bec0-f2a134602af1	ed9fa131-af4e-42f6-8e3c-ed8bf742b139|sykul	2025-07-27T07:21:19.472000+00:00	taken	105.843231194	21.026985167	5.0	https://api.panoramax.xyz/api/collections/10e04837-8103-4e57-bea9-6cad2ed229c5/items/ae476490-d093-4cac-bec0-f2a134602af1
628beaf2-f92d-4426-819d-6f919a3018fc	ed9fa131-af4e-42f6-8e3c-ed8bf742b139|sykul	2025-07-27T07:23:09.560000+00:00	taken	105.844100944	21.026744833	5.0	https://api.panoramax.xyz/api/collections/10e04837-8103-4e57-bea9-6cad2ed229c5/items/628beaf2-f92d-4426-819d-6f919a3018fc
1501b4d6-e0d1-49f8-895f-625a04ac51c6	ed9fa131-af4e-42f6-8e3c-ed8bf742b139|sykul	2025-07-27T07:09:45.761000+00:00	taken	105.84140775	21.027599333	5.0	https://api.panoramax.xyz/api/collections/8bdabb41-de7d-42eb-9609-732de0912aab/items/1501b4d6-e0d1-49f8-895f-625a04ac51c6
4c25f28d-0c07-4a6d-9ae3-5f9e8b3133d8	ed9fa131-af4e-42f6-8e3c-ed8bf742b139|sykul	2025-07-27T07:28:04.569000+00:00	taken	105.845161417	21.026500694	5.0	https://api.panoramax.xyz/api/collections/7453a901-01b4-49c4-81dd-c3a63af78edb/items/4c25f28d-0c07-4a6d-9ae3-5f9e8b3133d8
08438e7c-4cb1-4171-84ac-6af809135023	ed9fa131-af4e-42f6-8e3c-ed8bf742b139|sykul	2025-07-27T07:22:59.967000+00:00	taken	105.84400175	21.026769611	5.0	https://api.panoramax.xyz/api/collections/10e04837-8103-4e57-bea9-6cad2ed229c5/items/08438e7c-4cb1-4171-84ac-6af809135023
5573dd91-dbcd-43f4-a0b9-9c9e430cb5d1	ed9fa131-af4e-42f6-8e3c-ed8bf742b139|sykul	2025-07-27T07:27:08.186000+00:00	taken	105.844688389	21.026601778	5.0	https://api.panoramax.xyz/api/collections/7453a901-01b4-49c4-81dd-c3a63af78edb/items/5573dd91-dbcd-43f4-a0b9-9c9e430cb5d1
784acb50-c9ce-4129-a311-e5562880d50b	ed9fa131-af4e-42f6-8e3c-ed8bf742b139|sykul	2025-07-27T07:26:49.674000+00:00	taken	105.844551083	21.026632306	5.0	https://api.panoramax.xyz/api/collections/7453a901-01b4-49c4-81dd-c3a63af78edb/items/784acb50-c9ce-4129-a311-e5562880d50b
ae7480f8-5253-47d6-a93e-b2ba05e02cd5	ed9fa131-af4e-42f6-8e3c-ed8bf742b139|sykul	2025-07-27T07:09:35.998000+00:00	taken	105.841308583	21.027633667	5.0	https://api.panoramax.xyz/api/collections/8bdabb41-de7d-42eb-9609-732de0912aab/items/ae7480f8-5253-47d6-a93e-b2ba05e02cd5
23ef34c2-3700-4bdf-aeb2-e097f0d0454a	ed9fa131-af4e-42f6-8e3c-ed8bf742b139|sykul	2025-07-27T07:24:49.061000+00:00	taken	105.844390861	21.026668528	5.0	https://api.panoramax.xyz/api/collections/27ae789d-4e8a-4fff-9316-1c03c6cb36fc/items/23ef34c2-3700-4bdf-aeb2-e097f0d0454a
2e378d7e-9120-4b23-b082-97157f867443	ed9fa131-af4e-42f6-8e3c-ed8bf742b139|sykul	2025-07-27T07:22:53.278000+00:00	taken	105.843917833	21.026784889	5.0	https://api.panoramax.xyz/api/collections/10e04837-8103-4e57-bea9-6cad2ed229c5/items/2e378d7e-9120-4b23-b082-97157f867443
4856b7b4-f438-4a81-9c03-238dcb6584c3	ed9fa131-af4e-42f6-8e3c-ed8bf742b139|sykul	2025-07-27T07:22:50.100000+00:00	taken	105.843894944	21.026790611	5.0	https://api.panoramax.xyz/api/collections/10e04837-8103-4e57-bea9-6cad2ed229c5/items/4856b7b4-f438-4a81-9c03-238dcb6584c3
8a86b35e-7386-4cad-bbf7-f077e920a489	ed9fa131-af4e-42f6-8e3c-ed8bf742b139|sykul	2025-07-27T07:21:00.892000+00:00	taken	105.843048083	21.027027111	5.0	https://api.panoramax.xyz/api/collections/10e04837-8103-4e57-bea9-6cad2ed229c5/items/8a86b35e-7386-4cad-bbf7-f077e920a489
a49633b8-81f9-4e6c-aa35-e52cadbb73a5	ed9fa131-af4e-42f6-8e3c-ed8bf742b139|sykul	2025-07-27T07:27:05.078000+00:00	taken	105.844680778	21.02659225	5.0	https://api.panoramax.xyz/api/collections/7453a901-01b4-49c4-81dd-c3a63af78edb/items/a49633b8-81f9-4e6c-aa35-e52cadbb73a5
3f2bd794-075c-45e8-b827-377c93fc1d17	ed9fa131-af4e-42f6-8e3c-ed8bf742b139|sykul	2025-07-27T07:22:47.094000+00:00	taken	105.843864417	21.0267925	5.0	https://api.panoramax.xyz/api/collections/10e04837-8103-4e57-bea9-6cad2ed229c5/items/3f2bd794-075c-45e8-b827-377c93fc1d17
67513d88-fc8a-44e7-a8ba-2aa92709c12f	ed9fa131-af4e-42f6-8e3c-ed8bf742b139|sykul	2025-07-27T07:09:32.586000+00:00	taken	105.841285694	21.027629833	5.0	https://api.panoramax.xyz/api/collections/8bdabb41-de7d-42eb-9609-732de0912aab/items/67513d88-fc8a-44e7-a8ba-2aa92709c12f
4b9a0495-0717-4b60-b6ad-6de01daf0f89	ed9fa131-af4e-42f6-8e3c-ed8bf742b139|sykul	2025-07-27T07:26:52.615000+00:00	taken	105.844581583	21.026609417	5.0	https://api.panoramax.xyz/api/collections/7453a901-01b4-49c4-81dd-c3a63af78edb/items/4b9a0495-0717-4b60-b6ad-6de01daf0f89
83d656a1-dcb2-4685-853f-1f2268fd605c	ed9fa131-af4e-42f6-8e3c-ed8bf742b139|sykul	2025-07-27T07:18:46.626000+00:00	taken	105.842102028	21.027324667	5.0	https://api.panoramax.xyz/api/collections/10e04837-8103-4e57-bea9-6cad2ed229c5/items/83d656a1-dcb2-4685-853f-1f2268fd605c
e4b42e23-e650-4846-ae39-167a46db8019	ed9fa131-af4e-42f6-8e3c-ed8bf742b139|sykul	2025-07-27T07:18:56.082000+00:00	taken	105.842155444	21.027305583	5.0	https://api.panoramax.xyz/api/collections/10e04837-8103-4e57-bea9-6cad2ed229c5/items/e4b42e23-e650-4846-ae39-167a46db8019
f287a1ee-649f-4b92-9abd-2b87d5415530	ed9fa131-af4e-42f6-8e3c-ed8bf742b139|sykul	2025-07-27T07:26:55.551000+00:00	taken	105.844604472	21.026597972	5.0	https://api.panoramax.xyz/api/collections/7453a901-01b4-49c4-81dd-c3a63af78edb/items/f287a1ee-649f-4b92-9abd-2b87d5415530
317c3528-f062-4dee-bf51-06b33403c086	ed9fa131-af4e-42f6-8e3c-ed8bf742b139|sykul	2025-07-27T07:26:58.421000+00:00	taken	105.844627361	21.026590333	5.0	https://api.panoramax.xyz/api/collections/7453a901-01b4-49c4-81dd-c3a63af78edb/items/317c3528-f062-4dee-bf51-06b33403c086
5eb7212e-c318-4f66-bde1-9a2d7592631e	ed9fa131-af4e-42f6-8e3c-ed8bf742b139|sykul	2025-07-27T07:27:01.664000+00:00	taken	105.844657889	21.026582694	5.0	https://api.panoramax.xyz/api/collections/7453a901-01b4-49c4-81dd-c3a63af78edb/items/5eb7212e-c318-4f66-bde1-9a2d7592631e
23445cc7-4192-479e-9145-230b101e31fa	ed9fa131-af4e-42f6-8e3c-ed8bf742b139|sykul	2025-07-27T07:09:29.683000+00:00	taken	105.841262806	21.027624111	5.0	https://api.panoramax.xyz/api/collections/8bdabb41-de7d-42eb-9609-732de0912aab/items/23445cc7-4192-479e-9145-230b101e31fa
28150fca-246b-45cf-9ce1-01b41ab69263	ed9fa131-af4e-42f6-8e3c-ed8bf742b139|sykul	2025-07-27T07:18:53.200000+00:00	taken	105.842140194	21.027297972	5.0	https://api.panoramax.xyz/api/collections/10e04837-8103-4e57-bea9-6cad2ed229c5/items/28150fca-246b-45cf-9ce1-01b41ab69263
8fe357d9-d612-40e7-8b8c-bc1da80d3da2	ed9fa131-af4e-42f6-8e3c-ed8bf742b139|sykul	2025-07-27T07:22:44.154000+00:00	taken	105.843841528	21.02677725	5.0	https://api.panoramax.xyz/api/collections/10e04837-8103-4e57-bea9-6cad2ed229c5/items/8fe357d9-d612-40e7-8b8c-bc1da80d3da2
268df53f-11ee-4653-b120-e5482eaf184a	ed9fa131-af4e-42f6-8e3c-ed8bf742b139|sykul	2025-07-27T07:18:59.480000+00:00	taken	105.842155444	21.027290333	5.0	https://api.panoramax.xyz/api/collections/10e04837-8103-4e57-bea9-6cad2ed229c5/items/268df53f-11ee-4653-b120-e5482eaf184a
8f5c2a85-4331-4f0a-b525-df0701b91885	ed9fa131-af4e-42f6-8e3c-ed8bf742b139|sykul	2025-07-27T07:18:49.835000+00:00	taken	105.842117306	21.027297972	5.0	https://api.panoramax.xyz/api/collections/10e04837-8103-4e57-bea9-6cad2ed229c5/items/8f5c2a85-4331-4f0a-b525-df0701b91885
eeea920d-864c-423d-b698-3f376a9e777d	ed9fa131-af4e-42f6-8e3c-ed8bf742b139|sykul	2025-07-31T09:01:54.368000+00:00	taken	105.841529833	21.027507778	5.0	https://api.panoramax.xyz/api/collections/03e1e93e-8413-4ae3-ae15-02ce28c3a29a/items/eeea920d-864c-423d-b698-3f376a9e777d
17c084a9-c959-4186-8e44-fe936a33f012	ed9fa131-af4e-42f6-8e3c-ed8bf742b139|sykul	2025-07-27T07:22:31.727000+00:00	taken	105.843673694	21.026811583	5.0	https://api.panoramax.xyz/api/collections/10e04837-8103-4e57-bea9-6cad2ed229c5/items/17c084a9-c959-4186-8e44-fe936a33f012
f386c11e-964a-419b-81c6-3c89c822d74b	ed9fa131-af4e-42f6-8e3c-ed8bf742b139|sykul	2025-07-27T07:22:41.048000+00:00	taken	105.843818639	21.026767722	5.0	https://api.panoramax.xyz/api/collections/10e04837-8103-4e57-bea9-6cad2ed229c5/items/f386c11e-964a-419b-81c6-3c89c822d74b
16ec438c-16a6-4004-ae5b-a635056bfdf0	ed9fa131-af4e-42f6-8e3c-ed8bf742b139|sykul	2025-07-27T07:22:34.932000+00:00	taken	105.84376525	21.026781056	5.0	https://api.panoramax.xyz/api/collections/10e04837-8103-4e57-bea9-6cad2ed229c5/items/16ec438c-16a6-4004-ae5b-a635056bfdf0
83c19497-ece5-44c7-b770-dcceeb941998	ed9fa131-af4e-42f6-8e3c-ed8bf742b139|sykul	2025-07-27T07:22:38.003000+00:00	taken	105.843803389	21.026769611	5.0	https://api.panoramax.xyz/api/collections/10e04837-8103-4e57-bea9-6cad2ed229c5/items/83c19497-ece5-44c7-b770-dcceeb941998
4673a12a-f6f6-48bc-bf42-11063fb88f84	ed9fa131-af4e-42f6-8e3c-ed8bf742b139|sykul	2025-07-27T07:09:26.302000+00:00	taken	105.841232278	21.027612667	5.0	https://api.panoramax.xyz/api/collections/8bdabb41-de7d-42eb-9609-732de0912aab/items/4673a12a-f6f6-48bc-bf42-11063fb88f84
2b7ec4ef-38dd-4979-add3-8cec32c07ef2	ed9fa131-af4e-42f6-8e3c-ed8bf742b139|sykul	2025-07-27T07:20:57.881000+00:00	taken	105.843017556	21.026987056	5.0	https://api.panoramax.xyz/api/collections/10e04837-8103-4e57-bea9-6cad2ed229c5/items/2b7ec4ef-38dd-4979-add3-8cec32c07ef2
a2854888-d867-4354-8224-1d9748c95a6f	ed9fa131-af4e-42f6-8e3c-ed8bf742b139|sykul	2025-07-27T07:09:23.228000+00:00	taken	105.841217028	21.027608861	5.0	https://api.panoramax.xyz/api/collections/8bdabb41-de7d-42eb-9609-732de0912aab/items/a2854888-d867-4354-8224-1d9748c95a6f
238b9448-c2d0-4f03-806a-2880e3591177	ed9fa131-af4e-42f6-8e3c-ed8bf742b139|sykul	2025-07-27T07:19:02.517000+00:00	taken	105.842163083	21.027242639	5.0	https://api.panoramax.xyz/api/collections/10e04837-8103-4e57-bea9-6cad2ed229c5/items/238b9448-c2d0-4f03-806a-2880e3591177
a475cd27-18cb-47bf-a883-24cf934df64e	ed9fa131-af4e-42f6-8e3c-ed8bf742b139|sykul	2025-07-27T07:09:20.156000+00:00	taken	105.841194139	21.027599333	5.0	https://api.panoramax.xyz/api/collections/8bdabb41-de7d-42eb-9609-732de0912aab/items/a475cd27-18cb-47bf-a883-24cf934df64e
31e07781-8d67-4e01-b5fa-8d36a93b2735	ed9fa131-af4e-42f6-8e3c-ed8bf742b139|sykul	2025-07-27T07:20:54.743000+00:00	taken	105.842971778	21.026964167	5.0	https://api.panoramax.xyz/api/collections/10e04837-8103-4e57-bea9-6cad2ed229c5/items/31e07781-8d67-4e01-b5fa-8d36a93b2735
2c224623-bce1-48e2-92e4-95fea990c9dd	ed9fa131-af4e-42f6-8e3c-ed8bf742b139|sykul	2025-07-27T07:09:17.295000+00:00	taken	105.841178889	21.027587889	5.0	https://api.panoramax.xyz/api/collections/8bdabb41-de7d-42eb-9609-732de0912aab/items/2c224623-bce1-48e2-92e4-95fea990c9dd
bcdb2e11-3c33-48d4-9808-63e47bfee7b0	ed9fa131-af4e-42f6-8e3c-ed8bf742b139|sykul	2025-07-27T07:19:08.699000+00:00	taken	105.842216472	21.027206417	5.0	https://api.panoramax.xyz/api/collections/10e04837-8103-4e57-bea9-6cad2ed229c5/items/bcdb2e11-3c33-48d4-9808-63e47bfee7b0
d2966a58-3a19-40db-9609-022f86199d9c	ed9fa131-af4e-42f6-8e3c-ed8bf742b139|sykul	2025-07-31T09:00:31.220000+00:00	taken	105.841537472	21.027444833	5.0	https://api.panoramax.xyz/api/collections/03e1e93e-8413-4ae3-ae15-02ce28c3a29a/items/d2966a58-3a19-40db-9609-022f86199d9c
43319185-fb3c-4dbc-bc0d-01aa72a75170	ed9fa131-af4e-42f6-8e3c-ed8bf742b139|sykul	2025-07-27T07:19:05.490000+00:00	taken	105.842193583	21.027206417	5.0	https://api.panoramax.xyz/api/collections/10e04837-8103-4e57-bea9-6cad2ed229c5/items/43319185-fb3c-4dbc-bc0d-01aa72a75170
df080de5-4d49-4f2b-9ed3-651ea6a159e5	ed9fa131-af4e-42f6-8e3c-ed8bf742b139|sykul	2025-07-27T07:20:42.287000+00:00	taken	105.842842083	21.026987056	5.0	https://api.panoramax.xyz/api/collections/10e04837-8103-4e57-bea9-6cad2ed229c5/items/df080de5-4d49-4f2b-9ed3-651ea6a159e5
a0b75b18-6918-4213-a3a7-fc6fc68f0520	ed9fa131-af4e-42f6-8e3c-ed8bf742b139|sykul	2025-07-27T07:20:51.673000+00:00	taken	105.842933639	21.026958444	5.0	https://api.panoramax.xyz/api/collections/10e04837-8103-4e57-bea9-6cad2ed229c5/items/a0b75b18-6918-4213-a3a7-fc6fc68f0520
295ef854-299e-4914-8cb5-bbe21471bdcd	ed9fa131-af4e-42f6-8e3c-ed8bf742b139|sykul	2025-07-27T08:42:05.781000+00:00	taken	105.847496028	21.026027667	5.0	https://api.panoramax.xyz/api/collections/8b0563f0-408d-43fc-b3b6-630c7bad66b9/items/295ef854-299e-4914-8cb5-bbe21471bdcd
d363e8e1-46cb-48d5-a7a9-6bedce623256	ed9fa131-af4e-42f6-8e3c-ed8bf742b139|sykul	2025-07-27T07:20:45.455000+00:00	taken	105.842864972	21.026977528	5.0	https://api.panoramax.xyz/api/collections/10e04837-8103-4e57-bea9-6cad2ed229c5/items/d363e8e1-46cb-48d5-a7a9-6bedce623256
12ef4763-a2a3-482c-8d3d-de80e5577395	ed9fa131-af4e-42f6-8e3c-ed8bf742b139|sykul	2025-07-27T07:20:48.290000+00:00	taken	105.842887861	21.026969889	5.0	https://api.panoramax.xyz/api/collections/10e04837-8103-4e57-bea9-6cad2ed229c5/items/12ef4763-a2a3-482c-8d3d-de80e5577395
38d364d2-b7a8-432f-b555-d6cb7090a081	ed9fa131-af4e-42f6-8e3c-ed8bf742b139|sykul	2025-07-27T07:20:32.970000+00:00	taken	105.842826833	21.026987056	5.0	https://api.panoramax.xyz/api/collections/10e04837-8103-4e57-bea9-6cad2ed229c5/items/38d364d2-b7a8-432f-b555-d6cb7090a081
44f794c4-757c-4bdf-bf58-4688ce61a86a	ed9fa131-af4e-42f6-8e3c-ed8bf742b139|sykul	2025-07-27T07:09:14.345000+00:00	taken	105.841163611	21.027570722	5.0	https://api.panoramax.xyz/api/collections/8bdabb41-de7d-42eb-9609-732de0912aab/items/44f794c4-757c-4bdf-bf58-4688ce61a86a
9d2ddcb1-f70b-441f-b0a8-d05f852e2b20	ed9fa131-af4e-42f6-8e3c-ed8bf742b139|sykul	2025-07-31T09:01:38.283000+00:00	taken	105.841575611	21.027402861	5.0	https://api.panoramax.xyz/api/collections/03e1e93e-8413-4ae3-ae15-02ce28c3a29a/items/9d2ddcb1-f70b-441f-b0a8-d05f852e2b20
1435add2-4e6f-4ef9-83d7-f013266c4fb7	ed9fa131-af4e-42f6-8e3c-ed8bf742b139|sykul	2025-07-27T07:19:29.036000+00:00	taken	105.842285139	21.027147278	5.0	https://api.panoramax.xyz/api/collections/10e04837-8103-4e57-bea9-6cad2ed229c5/items/1435add2-4e6f-4ef9-83d7-f013266c4fb7
42076323-f97c-4005-b7bf-05ea56d250b3	ed9fa131-af4e-42f6-8e3c-ed8bf742b139|sykul	2025-07-27T07:20:36.198000+00:00	taken	105.842803944	21.026977528	5.0	https://api.panoramax.xyz/api/collections/10e04837-8103-4e57-bea9-6cad2ed229c5/items/42076323-f97c-4005-b7bf-05ea56d250b3
8e374008-926a-47bf-8646-c5cc5463dcd8	ed9fa131-af4e-42f6-8e3c-ed8bf742b139|sykul	2025-07-27T07:19:32.010000+00:00	taken	105.842315667	21.027133917	5.0	https://api.panoramax.xyz/api/collections/10e04837-8103-4e57-bea9-6cad2ed229c5/items/8e374008-926a-47bf-8646-c5cc5463dcd8
780f18a4-ed46-40e6-a0ff-ac65a0fcd452	ed9fa131-af4e-42f6-8e3c-ed8bf742b139|sykul	2025-07-27T07:19:44.477000+00:00	taken	105.842399583	21.0271015	5.0	https://api.panoramax.xyz/api/collections/10e04837-8103-4e57-bea9-6cad2ed229c5/items/780f18a4-ed46-40e6-a0ff-ac65a0fcd452
a0bdefe2-2f1e-4778-855d-90990629fcc0	ed9fa131-af4e-42f6-8e3c-ed8bf742b139|sykul	2025-07-27T07:19:26.168000+00:00	taken	105.842254639	21.027149194	5.0	https://api.panoramax.xyz/api/collections/10e04837-8103-4e57-bea9-6cad2ed229c5/items/a0bdefe2-2f1e-4778-855d-90990629fcc0
498df1d6-14e4-4998-934d-7889ec7dd373	ed9fa131-af4e-42f6-8e3c-ed8bf742b139|sykul	2025-07-27T07:20:39.238000+00:00	taken	105.842826833	21.026962278	5.0	https://api.panoramax.xyz/api/collections/10e04837-8103-4e57-bea9-6cad2ed229c5/items/498df1d6-14e4-4998-934d-7889ec7dd373
54f6cc60-94be-479e-b691-f9efba41589f	ed9fa131-af4e-42f6-8e3c-ed8bf742b139|sykul	2025-07-27T07:19:35.282000+00:00	taken	105.842338556	21.027107222	5.0	https://api.panoramax.xyz/api/collections/10e04837-8103-4e57-bea9-6cad2ed229c5/items/54f6cc60-94be-479e-b691-f9efba41589f
6f94affc-81b1-402a-9eb3-315d799edd98	ed9fa131-af4e-42f6-8e3c-ed8bf742b139|sykul	2025-07-27T07:19:41.500000+00:00	taken	105.842369056	21.027091972	5.0	https://api.panoramax.xyz/api/collections/10e04837-8103-4e57-bea9-6cad2ed229c5/items/6f94affc-81b1-402a-9eb3-315d799edd98
f0a95852-e12a-45ab-bc19-40160e886e82	ed9fa131-af4e-42f6-8e3c-ed8bf742b139|sykul	2025-07-27T07:19:38.664000+00:00	taken	105.842353806	21.027093861	5.0	https://api.panoramax.xyz/api/collections/10e04837-8103-4e57-bea9-6cad2ed229c5/items/f0a95852-e12a-45ab-bc19-40160e886e82
891e805e-3d5a-4ccc-a357-a93e4d7063f9	ed9fa131-af4e-42f6-8e3c-ed8bf742b139|sykul	2025-07-27T07:08:49.356000+00:00	taken	105.840843194	21.027652722	5.0	https://api.panoramax.xyz/api/collections/8bdabb41-de7d-42eb-9609-732de0912aab/items/891e805e-3d5a-4ccc-a357-a93e4d7063f9
ca32a487-1551-400e-8f9d-fa6ba98bad7e	ed9fa131-af4e-42f6-8e3c-ed8bf742b139|sykul	2025-07-27T07:09:10.936000+00:00	taken	105.841140722	21.027517306	5.0	https://api.panoramax.xyz/api/collections/8bdabb41-de7d-42eb-9609-732de0912aab/items/ca32a487-1551-400e-8f9d-fa6ba98bad7e
7ff7c479-66b9-44af-b277-131f3266be33	ed9fa131-af4e-42f6-8e3c-ed8bf742b139|sykul	2025-07-28T07:13:25.263000+00:00	taken	105.841369611	21.027423833	5.0	https://api.panoramax.xyz/api/collections/701a58d6-0e8a-4550-966c-28555485ee9f/items/7ff7c479-66b9-44af-b277-131f3266be33
5b7fedd4-85f2-42c5-bcf7-a2c6abb71434	ed9fa131-af4e-42f6-8e3c-ed8bf742b139|sykul	2025-07-27T07:35:52.040000+00:00	taken	105.845245361	21.026290889	5.0	https://api.panoramax.xyz/api/collections/639353ba-9238-49a6-825c-40d2357a6a1a/items/5b7fedd4-85f2-42c5-bcf7-a2c6abb71434
9d964bfd-7223-4ded-8553-e6724e05c826	ed9fa131-af4e-42f6-8e3c-ed8bf742b139|sykul	2025-07-27T07:58:19.321000+00:00	taken	105.845085139	21.026317583	5.0	https://api.panoramax.xyz/api/collections/f33ce23d-2e0f-4e98-9be4-e22760ab34ac/items/9d964bfd-7223-4ded-8553-e6724e05c826
b6cebaa8-32dd-488d-966c-52c3896867ef	ed9fa131-af4e-42f6-8e3c-ed8bf742b139|sykul	2025-07-27T07:08:52.588000+00:00	taken	105.840904222	21.027576444	5.0	https://api.panoramax.xyz/api/collections/8bdabb41-de7d-42eb-9609-732de0912aab/items/b6cebaa8-32dd-488d-966c-52c3896867ef
dc585d1c-8400-438b-ae40-6257de0462c0	ed9fa131-af4e-42f6-8e3c-ed8bf742b139|sykul	2025-07-27T07:09:07.928000+00:00	taken	105.841133111	21.027446722	5.0	https://api.panoramax.xyz/api/collections/8bdabb41-de7d-42eb-9609-732de0912aab/items/dc585d1c-8400-438b-ae40-6257de0462c0
f66a459b-1264-4e67-af66-479caa08558a	ed9fa131-af4e-42f6-8e3c-ed8bf742b139|sykul	2025-07-27T07:08:55.559000+00:00	taken	105.840942361	21.027517306	5.0	https://api.panoramax.xyz/api/collections/8bdabb41-de7d-42eb-9609-732de0912aab/items/f66a459b-1264-4e67-af66-479caa08558a
0ebd008a-dfb7-4cb9-8439-c1a876679cc8	ed9fa131-af4e-42f6-8e3c-ed8bf742b139|sykul	2025-07-27T07:07:45.433000+00:00	taken	105.840499861	21.0276985	5.0	https://api.panoramax.xyz/api/collections/641c991e-e3cd-45c1-a999-f0365a79d8d1/items/0ebd008a-dfb7-4cb9-8439-c1a876679cc8
20d61db9-8a46-45ec-9a3a-593cb99a7bfa	ed9fa131-af4e-42f6-8e3c-ed8bf742b139|sykul	2025-07-27T07:09:05.056000+00:00	taken	105.841117833	21.027437194	5.0	https://api.panoramax.xyz/api/collections/8bdabb41-de7d-42eb-9609-732de0912aab/items/20d61db9-8a46-45ec-9a3a-593cb99a7bfa
5a0707d1-ea36-408d-a287-fc8bfb225816	ed9fa131-af4e-42f6-8e3c-ed8bf742b139|sykul	2025-07-27T07:58:28.815000+00:00	taken	105.845222472	21.026222222	5.0	https://api.panoramax.xyz/api/collections/f33ce23d-2e0f-4e98-9be4-e22760ab34ac/items/5a0707d1-ea36-408d-a287-fc8bfb225816
a3872ce2-a4d4-43e6-a435-3c7cdd056a80	ed9fa131-af4e-42f6-8e3c-ed8bf742b139|sykul	2025-07-27T07:58:22.401000+00:00	taken	105.845214833	21.026218389	5.0	https://api.panoramax.xyz/api/collections/f33ce23d-2e0f-4e98-9be4-e22760ab34ac/items/a3872ce2-a4d4-43e6-a435-3c7cdd056a80
6e1847dd-cf01-486c-bd13-dbb7613c6238	ed9fa131-af4e-42f6-8e3c-ed8bf742b139|sykul	2025-07-27T07:07:42.433000+00:00	taken	105.8405075	21.027673694	5.0	https://api.panoramax.xyz/api/collections/641c991e-e3cd-45c1-a999-f0365a79d8d1/items/6e1847dd-cf01-486c-bd13-dbb7613c6238
3d62080a-d6ac-4428-9aff-5005c3f3c409	ed9fa131-af4e-42f6-8e3c-ed8bf742b139|sykul	2025-07-27T07:58:31.675000+00:00	taken	105.845230083	21.026208861	5.0	https://api.panoramax.xyz/api/collections/f33ce23d-2e0f-4e98-9be4-e22760ab34ac/items/3d62080a-d6ac-4428-9aff-5005c3f3c409
4a37dd55-0a6b-49d0-ab0c-bbf8570d77f6	ed9fa131-af4e-42f6-8e3c-ed8bf742b139|sykul	2025-07-27T07:58:25.430000+00:00	taken	105.845199583	21.026212667	5.0	https://api.panoramax.xyz/api/collections/f33ce23d-2e0f-4e98-9be4-e22760ab34ac/items/4a37dd55-0a6b-49d0-ab0c-bbf8570d77f6
0b98c4bc-cc6d-4768-8a1e-68e08ab6268a	ed9fa131-af4e-42f6-8e3c-ed8bf742b139|sykul	2025-07-27T07:09:01.877000+00:00	taken	105.841064444	21.027435278	5.0	https://api.panoramax.xyz/api/collections/8bdabb41-de7d-42eb-9609-732de0912aab/items/0b98c4bc-cc6d-4768-8a1e-68e08ab6268a
4a39a312-81ef-4438-950d-5598ffda38f7	ed9fa131-af4e-42f6-8e3c-ed8bf742b139|sykul	2025-07-27T07:07:39.215000+00:00	taken	105.840499861	21.027658444	5.0	https://api.panoramax.xyz/api/collections/641c991e-e3cd-45c1-a999-f0365a79d8d1/items/4a39a312-81ef-4438-950d-5598ffda38f7
ace2e977-bec3-4ef2-93fa-a15f53170518	ed9fa131-af4e-42f6-8e3c-ed8bf742b139|sykul	2025-07-27T07:08:58.841000+00:00	taken	105.840995778	21.027452444	5.0	https://api.panoramax.xyz/api/collections/8bdabb41-de7d-42eb-9609-732de0912aab/items/ace2e977-bec3-4ef2-93fa-a15f53170518
013a4885-f64d-41a3-aadd-d149396369e0	ed9fa131-af4e-42f6-8e3c-ed8bf742b139|sykul	2025-07-27T07:07:36.039000+00:00	taken	105.8405075	21.027627944	5.0	https://api.panoramax.xyz/api/collections/641c991e-e3cd-45c1-a999-f0365a79d8d1/items/013a4885-f64d-41a3-aadd-d149396369e0
cf325713-0661-4815-9c42-4e69f2fbb0d2	ed9fa131-af4e-42f6-8e3c-ed8bf742b139|sykul	2025-07-31T06:35:54.187000+00:00	taken	105.841865528	21.027072889	5.0	https://api.panoramax.xyz/api/collections/ecc47d67-d435-41fb-a799-5c1b1ee482d2/items/cf325713-0661-4815-9c42-4e69f2fbb0d2
8fc16a15-e907-4974-a151-0cff5ef25447	ed9fa131-af4e-42f6-8e3c-ed8bf742b139|sykul	2025-07-27T07:07:32.965000+00:00	taken	105.840484611	21.027603139	5.0	https://api.panoramax.xyz/api/collections/641c991e-e3cd-45c1-a999-f0365a79d8d1/items/8fc16a15-e907-4974-a151-0cff5ef25447
413732c3-0067-45e1-986a-00046baceb08	ed9fa131-af4e-42f6-8e3c-ed8bf742b139|sykul	2025-07-27T07:07:29.892000+00:00	taken	105.840446472	21.027589778	5.0	https://api.panoramax.xyz/api/collections/641c991e-e3cd-45c1-a999-f0365a79d8d1/items/413732c3-0067-45e1-986a-00046baceb08
08f82bcc-9913-4222-8380-37e55eca73e7	ed9fa131-af4e-42f6-8e3c-ed8bf742b139|sykul	2025-07-27T07:58:34.643000+00:00	taken	105.845268222	21.02609825	5.0	https://api.panoramax.xyz/api/collections/f33ce23d-2e0f-4e98-9be4-e22760ab34ac/items/08f82bcc-9913-4222-8380-37e55eca73e7
faa81bd8-2bda-49b9-bb48-a461e2b7ebe5	ed9fa131-af4e-42f6-8e3c-ed8bf742b139|sykul	2025-07-27T07:07:26.584000+00:00	taken	105.840415944	21.027572611	5.0	https://api.panoramax.xyz/api/collections/641c991e-e3cd-45c1-a999-f0365a79d8d1/items/faa81bd8-2bda-49b9-bb48-a461e2b7ebe5
8f748863-c450-4783-a0e6-65c01e181a23	ed9fa131-af4e-42f6-8e3c-ed8bf742b139|sykul	2025-07-27T07:58:37.652000+00:00	taken	105.845268222	21.026069639	5.0	https://api.panoramax.xyz/api/collections/f33ce23d-2e0f-4e98-9be4-e22760ab34ac/items/8f748863-c450-4783-a0e6-65c01e181a23
3ca697e7-aa31-4951-a663-9acbaa6261b0	ed9fa131-af4e-42f6-8e3c-ed8bf742b139|sykul	2025-07-27T07:58:40.735000+00:00	taken	105.845275861	21.026048639	5.0	https://api.panoramax.xyz/api/collections/f33ce23d-2e0f-4e98-9be4-e22760ab34ac/items/3ca697e7-aa31-4951-a663-9acbaa6261b0
ab0de0ef-5735-46c3-ac29-6692a553eff6	ed9fa131-af4e-42f6-8e3c-ed8bf742b139|sykul	2025-07-27T07:58:43.970000+00:00	taken	105.8452835	21.026031472	5.0	https://api.panoramax.xyz/api/collections/f33ce23d-2e0f-4e98-9be4-e22760ab34ac/items/ab0de0ef-5735-46c3-ac29-6692a553eff6
f279550c-d391-4f7e-87eb-ee833cb06407	ed9fa131-af4e-42f6-8e3c-ed8bf742b139|sykul	2025-07-27T07:07:23.177000+00:00	taken	105.840385417	21.027542111	5.0	https://api.panoramax.xyz/api/collections/641c991e-e3cd-45c1-a999-f0365a79d8d1/items/f279550c-d391-4f7e-87eb-ee833cb06407
df6cd5a3-8da8-4422-a8a3-ba7886b86331	ed9fa131-af4e-42f6-8e3c-ed8bf742b139|sykul	2025-07-27T07:58:47.020000+00:00	taken	105.845321639	21.026006694	5.0	https://api.panoramax.xyz/api/collections/f33ce23d-2e0f-4e98-9be4-e22760ab34ac/items/df6cd5a3-8da8-4422-a8a3-ba7886b86331
324a17a5-855a-4b05-bf83-ba031a35acfa	ed9fa131-af4e-42f6-8e3c-ed8bf742b139|sykul	2025-07-27T07:58:49.917000+00:00	taken	105.845329278	21.02597425	5.0	https://api.panoramax.xyz/api/collections/f33ce23d-2e0f-4e98-9be4-e22760ab34ac/items/324a17a5-855a-4b05-bf83-ba031a35acfa
8879449f-0665-4901-8967-233d3d0ba8d5	ed9fa131-af4e-42f6-8e3c-ed8bf742b139|sykul	2025-07-27T07:07:19.775000+00:00	taken	105.84031675	21.027519222	5.0	https://api.panoramax.xyz/api/collections/641c991e-e3cd-45c1-a999-f0365a79d8d1/items/8879449f-0665-4901-8967-233d3d0ba8d5
28730788-f67f-4e52-9094-0312b74fbab9	ed9fa131-af4e-42f6-8e3c-ed8bf742b139|sykul	2025-07-31T08:25:34.777000+00:00	taken	105.84158325	21.027006139	5.0	https://api.panoramax.xyz/api/collections/233da4ce-7bc0-4ff6-ae39-f7b31f556e5a/items/28730788-f67f-4e52-9094-0312b74fbab9
9faf0304-76e3-4e28-90db-0818dcf5608d	ed9fa131-af4e-42f6-8e3c-ed8bf742b139|sykul	2025-07-27T07:58:53.058000+00:00	taken	105.845321639	21.025945639	5.0	https://api.panoramax.xyz/api/collections/f33ce23d-2e0f-4e98-9be4-e22760ab34ac/items/9faf0304-76e3-4e28-90db-0818dcf5608d
3c8c6cdd-1c0e-48ca-8f35-960cc6a4ec73	ed9fa131-af4e-42f6-8e3c-ed8bf742b139|sykul	2025-07-27T07:58:56.061000+00:00	taken	105.845321639	21.025915139	5.0	https://api.panoramax.xyz/api/collections/f33ce23d-2e0f-4e98-9be4-e22760ab34ac/items/3c8c6cdd-1c0e-48ca-8f35-960cc6a4ec73
c7bbf5a2-3f79-4046-a5e3-fe46ccebb524	ed9fa131-af4e-42f6-8e3c-ed8bf742b139|sykul	2025-07-27T07:58:58.937000+00:00	taken	105.845314	21.025894139	5.0	https://api.panoramax.xyz/api/collections/f33ce23d-2e0f-4e98-9be4-e22760ab34ac/items/c7bbf5a2-3f79-4046-a5e3-fe46ccebb524
59a0477d-8102-48c4-8ec1-50b181bb9d64	ed9fa131-af4e-42f6-8e3c-ed8bf742b139|sykul	2025-07-31T10:08:00.109000+00:00	taken	105.840232833	21.027456278	5.0	https://api.panoramax.xyz/api/collections/98906c0d-7ee9-4116-bc99-2f873b8855c6/items/59a0477d-8102-48c4-8ec1-50b181bb9d64
d775b36d-5a46-4ca4-bcab-366ded485a78	ed9fa131-af4e-42f6-8e3c-ed8bf742b139|sykul	2025-07-27T07:05:52.309000+00:00	taken	105.840339639	21.027370444	5.0	https://api.panoramax.xyz/api/collections/c9a5ad9f-834d-4b63-8fc7-b8a5be5858e9/items/d775b36d-5a46-4ca4-bcab-366ded485a78
10ac2924-a5a3-424d-872d-683b682b725c	ed9fa131-af4e-42f6-8e3c-ed8bf742b139|sykul	2025-07-31T10:08:15.062000+00:00	taken	105.840148917	21.027437194	5.0	https://api.panoramax.xyz/api/collections/98906c0d-7ee9-4116-bc99-2f873b8855c6/items/10ac2924-a5a3-424d-872d-683b682b725c
72a7fbcb-0529-4764-bd6e-b1708b6729c6	ed9fa131-af4e-42f6-8e3c-ed8bf742b139|sykul	2025-07-27T07:04:29.969000+00:00	taken	105.840156528	21.027414306	5.0	https://api.panoramax.xyz/api/collections/d0390c65-550f-4bd8-b6df-def4dc6d19c5/items/72a7fbcb-0529-4764-bd6e-b1708b6729c6
23c50d80-7163-4701-82e0-cb855f68ea85	ed9fa131-af4e-42f6-8e3c-ed8bf742b139|sykul	2025-07-27T07:04:26.590000+00:00	taken	105.840133667	21.027412389	5.0	https://api.panoramax.xyz/api/collections/d0390c65-550f-4bd8-b6df-def4dc6d19c5/items/23c50d80-7163-4701-82e0-cb855f68ea85
b57adf75-51d6-4906-9e62-4c23bc59d730	ed9fa131-af4e-42f6-8e3c-ed8bf742b139|sykul	2025-07-27T07:05:49.365000+00:00	taken	105.840324389	21.027326583	5.0	https://api.panoramax.xyz/api/collections/c9a5ad9f-834d-4b63-8fc7-b8a5be5858e9/items/b57adf75-51d6-4906-9e62-4c23bc59d730
8da7d510-37bd-4272-ad4c-5bfdbdd851a9	ed9fa131-af4e-42f6-8e3c-ed8bf742b139|sykul	2025-07-27T07:59:44.911000+00:00	taken	105.845321639	21.025794972	5.0	https://api.panoramax.xyz/api/collections/f33ce23d-2e0f-4e98-9be4-e22760ab34ac/items/8da7d510-37bd-4272-ad4c-5bfdbdd851a9
ea1e11d2-d155-4852-ac24-9f2d72d74a77	ed9fa131-af4e-42f6-8e3c-ed8bf742b139|sykul	2025-07-27T07:04:19.729000+00:00	taken	105.840034472	21.027439111	5.0	https://api.panoramax.xyz/api/collections/d0390c65-550f-4bd8-b6df-def4dc6d19c5/items/ea1e11d2-d155-4852-ac24-9f2d72d74a77
497d4f74-ab46-46dd-93e1-8cfbdae9c45a	ed9fa131-af4e-42f6-8e3c-ed8bf742b139|sykul	2025-07-27T07:04:23.153000+00:00	taken	105.840072611	21.027418111	5.0	https://api.panoramax.xyz/api/collections/d0390c65-550f-4bd8-b6df-def4dc6d19c5/items/497d4f74-ab46-46dd-93e1-8cfbdae9c45a
08091239-9253-44ee-8b82-49f47e670032	ed9fa131-af4e-42f6-8e3c-ed8bf742b139|sykul	2025-07-27T07:04:13.796000+00:00	taken	105.839988694	21.027450556	5.0	https://api.panoramax.xyz/api/collections/d0390c65-550f-4bd8-b6df-def4dc6d19c5/items/08091239-9253-44ee-8b82-49f47e670032
6b01a095-d8c7-4cd0-9824-468b5ae26254	ed9fa131-af4e-42f6-8e3c-ed8bf742b139|sykul	2025-07-27T07:04:16.857000+00:00	taken	105.840011583	21.027439111	5.0	https://api.panoramax.xyz/api/collections/d0390c65-550f-4bd8-b6df-def4dc6d19c5/items/6b01a095-d8c7-4cd0-9824-468b5ae26254
3f535f4d-db80-40ba-b4eb-c809cbab8d93	ed9fa131-af4e-42f6-8e3c-ed8bf742b139|sykul	2025-07-27T07:04:10.382000+00:00	taken	105.839942917	21.027462	5.0	https://api.panoramax.xyz/api/collections/d0390c65-550f-4bd8-b6df-def4dc6d19c5/items/3f535f4d-db80-40ba-b4eb-c809cbab8d93
c599dc0b-1aba-45c6-8ee8-f509a4450727	ed9fa131-af4e-42f6-8e3c-ed8bf742b139|sykul	2025-07-27T07:04:06.961000+00:00	taken	105.839912389	21.027467722	5.0	https://api.panoramax.xyz/api/collections/d0390c65-550f-4bd8-b6df-def4dc6d19c5/items/c599dc0b-1aba-45c6-8ee8-f509a4450727
a7fad97a-e9df-41f2-806e-f038dfecb03c	ed9fa131-af4e-42f6-8e3c-ed8bf742b139|sykul	2025-07-27T07:04:03.822000+00:00	taken	105.8398895	21.02747725	5.0	https://api.panoramax.xyz/api/collections/d0390c65-550f-4bd8-b6df-def4dc6d19c5/items/a7fad97a-e9df-41f2-806e-f038dfecb03c
c37aa10a-e3a7-421b-8452-271a25b9ca0b	ed9fa131-af4e-42f6-8e3c-ed8bf742b139|sykul	2025-07-27T07:59:48.107000+00:00	taken	105.845359778	21.025743472	5.0	https://api.panoramax.xyz/api/collections/f33ce23d-2e0f-4e98-9be4-e22760ab34ac/items/c37aa10a-e3a7-421b-8452-271a25b9ca0b
4e06d6a2-b5e9-4f3d-a671-ce3a6ee1fdd7	ed9fa131-af4e-42f6-8e3c-ed8bf742b139|sykul	2025-07-27T07:03:54.364000+00:00	taken	105.839805583	21.027502056	5.0	https://api.panoramax.xyz/api/collections/d0390c65-550f-4bd8-b6df-def4dc6d19c5/items/4e06d6a2-b5e9-4f3d-a671-ce3a6ee1fdd7
f29934cf-94de-4322-a5d7-c62dd3fc7ad9	ed9fa131-af4e-42f6-8e3c-ed8bf742b139|sykul	2025-07-27T07:04:00.679000+00:00	taken	105.839851361	21.027481056	5.0	https://api.panoramax.xyz/api/collections/d0390c65-550f-4bd8-b6df-def4dc6d19c5/items/f29934cf-94de-4322-a5d7-c62dd3fc7ad9
0ef26a5e-0690-4942-9f6c-3ade5ab64045	ed9fa131-af4e-42f6-8e3c-ed8bf742b139|sykul	2025-07-27T07:03:57.672000+00:00	taken	105.839828472	21.027490611	5.0	https://api.panoramax.xyz/api/collections/d0390c65-550f-4bd8-b6df-def4dc6d19c5/items/0ef26a5e-0690-4942-9f6c-3ade5ab64045
5af0eee7-5684-43b8-abfe-c74422a26b34	ed9fa131-af4e-42f6-8e3c-ed8bf742b139|sykul	2025-07-27T07:03:51.253000+00:00	taken	105.839782694	21.027507778	5.0	https://api.panoramax.xyz/api/collections/d0390c65-550f-4bd8-b6df-def4dc6d19c5/items/5af0eee7-5684-43b8-abfe-c74422a26b34
e16f9dee-95aa-4fcc-b4e0-c16b20a1d615	ed9fa131-af4e-42f6-8e3c-ed8bf742b139|sykul	2025-07-27T07:03:48.211000+00:00	taken	105.839744556	21.027517306	5.0	https://api.panoramax.xyz/api/collections/d0390c65-550f-4bd8-b6df-def4dc6d19c5/items/e16f9dee-95aa-4fcc-b4e0-c16b20a1d615
07a8b8e0-45f0-473a-a3e0-7a0c3f8d1914	ed9fa131-af4e-42f6-8e3c-ed8bf742b139|sykul	2025-07-27T07:03:45.040000+00:00	taken	105.839721667	21.027524944	5.0	https://api.panoramax.xyz/api/collections/d0390c65-550f-4bd8-b6df-def4dc6d19c5/items/07a8b8e0-45f0-473a-a3e0-7a0c3f8d1914
a2a4c85c-ba75-4f86-9e19-70864df5b598	ed9fa131-af4e-42f6-8e3c-ed8bf742b139|sykul	2025-07-27T07:03:06.994000+00:00	taken	105.839401222	21.027671806	5.0	https://api.panoramax.xyz/api/collections/d0390c65-550f-4bd8-b6df-def4dc6d19c5/items/a2a4c85c-ba75-4f86-9e19-70864df5b598
6579cfa2-f79e-45f8-b845-3e6c799bbb8f	ed9fa131-af4e-42f6-8e3c-ed8bf742b139|sykul	2025-07-27T07:03:10.107000+00:00	taken	105.839454639	21.027645111	5.0	https://api.panoramax.xyz/api/collections/d0390c65-550f-4bd8-b6df-def4dc6d19c5/items/6579cfa2-f79e-45f8-b845-3e6c799bbb8f
6f340c7b-15bd-4524-a16e-9c6ec05e5cf8	ed9fa131-af4e-42f6-8e3c-ed8bf742b139|sykul	2025-07-27T07:03:41.862000+00:00	taken	105.839698778	21.027530667	5.0	https://api.panoramax.xyz/api/collections/d0390c65-550f-4bd8-b6df-def4dc6d19c5/items/6f340c7b-15bd-4524-a16e-9c6ec05e5cf8
1d325544-22c3-4716-9358-16f8cf512bca	ed9fa131-af4e-42f6-8e3c-ed8bf742b139|sykul	2025-07-27T07:02:57.438000+00:00	taken	105.8392105	21.027757639	5.0	https://api.panoramax.xyz/api/collections/d0390c65-550f-4bd8-b6df-def4dc6d19c5/items/1d325544-22c3-4716-9358-16f8cf512bca
fc0351b6-d08b-4cb9-9588-4cc5fa0be8b4	ed9fa131-af4e-42f6-8e3c-ed8bf742b139|sykul	2025-07-27T07:03:00.493000+00:00	taken	105.839248639	21.02773475	5.0	https://api.panoramax.xyz/api/collections/d0390c65-550f-4bd8-b6df-def4dc6d19c5/items/fc0351b6-d08b-4cb9-9588-4cc5fa0be8b4
c2dd94c1-f09a-45c4-a807-4137d3ad5eda	ed9fa131-af4e-42f6-8e3c-ed8bf742b139|sykul	2025-07-27T07:03:38.991000+00:00	taken	105.839683528	21.02752875	5.0	https://api.panoramax.xyz/api/collections/d0390c65-550f-4bd8-b6df-def4dc6d19c5/items/c2dd94c1-f09a-45c4-a807-4137d3ad5eda
45b07556-ff02-4793-8bb2-c4c7a6d6f113	ed9fa131-af4e-42f6-8e3c-ed8bf742b139|sykul	2025-07-27T07:03:35.581000+00:00	taken	105.839660639	21.027538278	5.0	https://api.panoramax.xyz/api/collections/d0390c65-550f-4bd8-b6df-def4dc6d19c5/items/45b07556-ff02-4793-8bb2-c4c7a6d6f113
f4b3528c-d9a9-43db-9885-ea29c22a9f06	ed9fa131-af4e-42f6-8e3c-ed8bf742b139|sykul	2025-07-27T07:05:46.429000+00:00	taken	105.840278611	21.027263639	5.0	https://api.panoramax.xyz/api/collections/c9a5ad9f-834d-4b63-8fc7-b8a5be5858e9/items/f4b3528c-d9a9-43db-9885-ea29c22a9f06
e898d6e7-6a4e-4c84-a471-e1f5e0f52955	ed9fa131-af4e-42f6-8e3c-ed8bf742b139|sykul	2025-07-27T07:02:54.603000+00:00	taken	105.83919525	21.027755722	5.0	https://api.panoramax.xyz/api/collections/d0390c65-550f-4bd8-b6df-def4dc6d19c5/items/e898d6e7-6a4e-4c84-a471-e1f5e0f52955
30899a9f-d0e6-456f-b816-06e342e899cf	ed9fa131-af4e-42f6-8e3c-ed8bf742b139|sykul	2025-07-27T07:03:13.117000+00:00	taken	105.839477528	21.027620306	5.0	https://api.panoramax.xyz/api/collections/d0390c65-550f-4bd8-b6df-def4dc6d19c5/items/30899a9f-d0e6-456f-b816-06e342e899cf
a8325368-ebbc-4375-951b-de797b7325a8	ed9fa131-af4e-42f6-8e3c-ed8bf742b139|sykul	2025-07-27T07:59:50.980000+00:00	taken	105.845413194	21.025697694	5.0	https://api.panoramax.xyz/api/collections/f33ce23d-2e0f-4e98-9be4-e22760ab34ac/items/a8325368-ebbc-4375-951b-de797b7325a8
80ecfe9b-5158-4159-abf8-9704f4738483	ed9fa131-af4e-42f6-8e3c-ed8bf742b139|sykul	2025-07-27T07:03:28.990000+00:00	taken	105.839630111	21.027545917	5.0	https://api.panoramax.xyz/api/collections/d0390c65-550f-4bd8-b6df-def4dc6d19c5/items/80ecfe9b-5158-4159-abf8-9704f4738483
e1843f98-dec9-4443-b70a-c969069ecbe6	ed9fa131-af4e-42f6-8e3c-ed8bf742b139|sykul	2025-07-27T07:03:32.404000+00:00	taken	105.83963775	21.027540194	5.0	https://api.panoramax.xyz/api/collections/d0390c65-550f-4bd8-b6df-def4dc6d19c5/items/e1843f98-dec9-4443-b70a-c969069ecbe6
04c113e9-ad23-4678-9be9-73407624c719	ed9fa131-af4e-42f6-8e3c-ed8bf742b139|sykul	2025-07-27T07:03:03.722000+00:00	taken	105.839294417	21.027696583	5.0	https://api.panoramax.xyz/api/collections/d0390c65-550f-4bd8-b6df-def4dc6d19c5/items/04c113e9-ad23-4678-9be9-73407624c719
458dd4f7-1364-4123-85f5-d2ae6d1642bd	ed9fa131-af4e-42f6-8e3c-ed8bf742b139|sykul	2025-07-27T07:03:25.950000+00:00	taken	105.839614861	21.027538278	5.0	https://api.panoramax.xyz/api/collections/d0390c65-550f-4bd8-b6df-def4dc6d19c5/items/458dd4f7-1364-4123-85f5-d2ae6d1642bd
abfa5eb0-f8ab-4be4-a3a8-0a6e69f4f6af	ed9fa131-af4e-42f6-8e3c-ed8bf742b139|sykul	2025-07-27T07:03:16.525000+00:00	taken	105.839500417	21.027584056	5.0	https://api.panoramax.xyz/api/collections/d0390c65-550f-4bd8-b6df-def4dc6d19c5/items/abfa5eb0-f8ab-4be4-a3a8-0a6e69f4f6af
1625db3a-cb82-4c68-af99-c21dabd802f9	ed9fa131-af4e-42f6-8e3c-ed8bf742b139|sykul	2025-07-27T07:59:54.322000+00:00	taken	105.845451333	21.025667167	5.0	https://api.panoramax.xyz/api/collections/f33ce23d-2e0f-4e98-9be4-e22760ab34ac/items/1625db3a-cb82-4c68-af99-c21dabd802f9
5bc5ec89-b3f2-4af0-afee-2ce23f3f6a97	ed9fa131-af4e-42f6-8e3c-ed8bf742b139|sykul	2025-07-27T07:03:22.568000+00:00	taken	105.839576694	21.027540194	5.0	https://api.panoramax.xyz/api/collections/d0390c65-550f-4bd8-b6df-def4dc6d19c5/items/5bc5ec89-b3f2-4af0-afee-2ce23f3f6a97
26d9eb3a-3742-4812-9131-3b2c6dbae4db	ed9fa131-af4e-42f6-8e3c-ed8bf742b139|sykul	2025-07-27T07:05:30.852000+00:00	taken	105.840225194	21.027242639	5.0	https://api.panoramax.xyz/api/collections/c9a5ad9f-834d-4b63-8fc7-b8a5be5858e9/items/26d9eb3a-3742-4812-9131-3b2c6dbae4db
042143c0-9566-46be-be34-677fcf1da238	ed9fa131-af4e-42f6-8e3c-ed8bf742b139|sykul	2025-07-27T08:34:01.414000+00:00	taken	105.84571075	21.025606139	5.0	https://api.panoramax.xyz/api/collections/4d5f9065-3ea7-4ae1-84d4-1d26c70612b6/items/042143c0-9566-46be-be34-677fcf1da238
09534851-13b2-4207-918c-4984c4d800b7	ed9fa131-af4e-42f6-8e3c-ed8bf742b139|sykul	2025-07-27T07:02:51.532000+00:00	taken	105.839149472	21.02773475	5.0	https://api.panoramax.xyz/api/collections/d0390c65-550f-4bd8-b6df-def4dc6d19c5/items/09534851-13b2-4207-918c-4984c4d800b7
edc77d94-2981-4322-8a6a-90267c7b9706	ed9fa131-af4e-42f6-8e3c-ed8bf742b139|sykul	2025-07-27T07:03:19.530000+00:00	taken	105.839523306	21.027555444	5.0	https://api.panoramax.xyz/api/collections/d0390c65-550f-4bd8-b6df-def4dc6d19c5/items/edc77d94-2981-4322-8a6a-90267c7b9706
f8102f6c-9abc-4056-b945-9d71b9fdceda	ed9fa131-af4e-42f6-8e3c-ed8bf742b139|sykul	2025-07-27T07:05:43.160000+00:00	taken	105.840248083	21.027227389	5.0	https://api.panoramax.xyz/api/collections/c9a5ad9f-834d-4b63-8fc7-b8a5be5858e9/items/f8102f6c-9abc-4056-b945-9d71b9fdceda
e94dc196-c4f8-4538-95c6-515d265ed590	ed9fa131-af4e-42f6-8e3c-ed8bf742b139|sykul	2025-07-27T07:02:42.154000+00:00	taken	105.839065528	21.027767167	5.0	https://api.panoramax.xyz/api/collections/d0390c65-550f-4bd8-b6df-def4dc6d19c5/items/e94dc196-c4f8-4538-95c6-515d265ed590
9a23c3e3-7509-42d5-8d36-f2654327eaa1	ed9fa131-af4e-42f6-8e3c-ed8bf742b139|sykul	2025-07-27T07:59:57.195000+00:00	taken	105.845474222	21.025632833	5.0	https://api.panoramax.xyz/api/collections/f33ce23d-2e0f-4e98-9be4-e22760ab34ac/items/9a23c3e3-7509-42d5-8d36-f2654327eaa1
c1dcb162-6510-4300-8d6f-becac92050b5	ed9fa131-af4e-42f6-8e3c-ed8bf742b139|sykul	2025-07-27T07:05:40.296000+00:00	taken	105.840202306	21.027217861	5.0	https://api.panoramax.xyz/api/collections/c9a5ad9f-834d-4b63-8fc7-b8a5be5858e9/items/c1dcb162-6510-4300-8d6f-becac92050b5
a059de6f-dcb9-4b10-9a03-ebfc2c11d90f	ed9fa131-af4e-42f6-8e3c-ed8bf742b139|sykul	2025-07-27T07:02:48.523000+00:00	taken	105.839103694	21.027719472	5.0	https://api.panoramax.xyz/api/collections/d0390c65-550f-4bd8-b6df-def4dc6d19c5/items/a059de6f-dcb9-4b10-9a03-ebfc2c11d90f
2e6486b9-439c-4ad8-aa8b-d76f77a52823	ed9fa131-af4e-42f6-8e3c-ed8bf742b139|sykul	2025-07-27T07:02:22.359000+00:00	taken	105.839035028	21.027744278	5.0	https://api.panoramax.xyz/api/collections/d0390c65-550f-4bd8-b6df-def4dc6d19c5/items/2e6486b9-439c-4ad8-aa8b-d76f77a52823
48a300d9-5f22-4bbd-b38b-b1179542b5f3	ed9fa131-af4e-42f6-8e3c-ed8bf742b139|sykul	2025-07-27T08:00:00.199000+00:00	taken	105.8454895	21.025602333	5.0	https://api.panoramax.xyz/api/collections/f33ce23d-2e0f-4e98-9be4-e22760ab34ac/items/48a300d9-5f22-4bbd-b38b-b1179542b5f3
c65c1a25-77a8-4b35-8861-8a3098b6b69f	ed9fa131-af4e-42f6-8e3c-ed8bf742b139|sykul	2025-07-27T07:05:37.251000+00:00	taken	105.840202306	21.027198778	5.0	https://api.panoramax.xyz/api/collections/c9a5ad9f-834d-4b63-8fc7-b8a5be5858e9/items/c65c1a25-77a8-4b35-8861-8a3098b6b69f
4b440c31-6d01-4d80-bf66-c9529da2f848	ed9fa131-af4e-42f6-8e3c-ed8bf742b139|sykul	2025-07-27T08:34:04.605000+00:00	taken	105.84571075	21.02555275	5.0	https://api.panoramax.xyz/api/collections/4d5f9065-3ea7-4ae1-84d4-1d26c70612b6/items/4b440c31-6d01-4d80-bf66-c9529da2f848
242751b5-e2b7-4080-8eec-89e5ea71e903	ed9fa131-af4e-42f6-8e3c-ed8bf742b139|sykul	2025-07-27T07:02:29.244000+00:00	taken	105.839065528	21.027715667	5.0	https://api.panoramax.xyz/api/collections/d0390c65-550f-4bd8-b6df-def4dc6d19c5/items/242751b5-e2b7-4080-8eec-89e5ea71e903
b7fe3362-641a-403f-84a6-ed8e87b3b6f3	ed9fa131-af4e-42f6-8e3c-ed8bf742b139|sykul	2025-07-27T07:02:45.358000+00:00	taken	105.839080806	21.027704222	5.0	https://api.panoramax.xyz/api/collections/d0390c65-550f-4bd8-b6df-def4dc6d19c5/items/b7fe3362-641a-403f-84a6-ed8e87b3b6f3
0a16c7fd-94e1-4882-8e6e-01f7fc761e1e	ed9fa131-af4e-42f6-8e3c-ed8bf742b139|sykul	2025-07-27T07:05:34.040000+00:00	taken	105.840194694	21.027179694	5.0	https://api.panoramax.xyz/api/collections/c9a5ad9f-834d-4b63-8fc7-b8a5be5858e9/items/0a16c7fd-94e1-4882-8e6e-01f7fc761e1e
7f9ed327-22a6-449d-b6db-dab6568825f3	ed9fa131-af4e-42f6-8e3c-ed8bf742b139|sykul	2025-07-27T08:00:03.596000+00:00	taken	105.845458972	21.025556556	5.0	https://api.panoramax.xyz/api/collections/f33ce23d-2e0f-4e98-9be4-e22760ab34ac/items/7f9ed327-22a6-449d-b6db-dab6568825f3
8f580526-3a73-4c2b-aa47-50695e57834d	ed9fa131-af4e-42f6-8e3c-ed8bf742b139|sykul	2025-07-27T08:33:55.313000+00:00	taken	105.845619194	21.025522222	5.0	https://api.panoramax.xyz/api/collections/4d5f9065-3ea7-4ae1-84d4-1d26c70612b6/items/8f580526-3a73-4c2b-aa47-50695e57834d
89c0069c-01c5-410c-a510-1339cc4cb3a9	ed9fa131-af4e-42f6-8e3c-ed8bf742b139|sykul	2025-07-27T08:33:58.367000+00:00	taken	105.845687861	21.025495528	5.0	https://api.panoramax.xyz/api/collections/4d5f9065-3ea7-4ae1-84d4-1d26c70612b6/items/89c0069c-01c5-410c-a510-1339cc4cb3a9
f1bc518f-17a9-4ff3-b0b5-ad7ba7dab707	ed9fa131-af4e-42f6-8e3c-ed8bf742b139|sykul	2025-07-27T08:00:06.687000+00:00	taken	105.845436083	21.025522222	5.0	https://api.panoramax.xyz/api/collections/f33ce23d-2e0f-4e98-9be4-e22760ab34ac/items/f1bc518f-17a9-4ff3-b0b5-ad7ba7dab707
dce6f9b6-93d4-4a73-8656-cdcb5576b486	ed9fa131-af4e-42f6-8e3c-ed8bf742b139|sykul	2025-07-27T08:33:52.425000+00:00	taken	105.845466611	21.025497417	5.0	https://api.panoramax.xyz/api/collections/4d5f9065-3ea7-4ae1-84d4-1d26c70612b6/items/dce6f9b6-93d4-4a73-8656-cdcb5576b486
fa097494-c18b-4163-8a8b-7649a0ecec33	ed9fa131-af4e-42f6-8e3c-ed8bf742b139|sykul	2025-07-27T08:00:09.699000+00:00	taken	105.845428444	21.02550125	5.0	https://api.panoramax.xyz/api/collections/f33ce23d-2e0f-4e98-9be4-e22760ab34ac/items/fa097494-c18b-4163-8a8b-7649a0ecec33
e2e9d99e-b583-41d9-89fa-0377da321ae8	ed9fa131-af4e-42f6-8e3c-ed8bf742b139|sykul	2025-07-27T08:00:12.702000+00:00	taken	105.845413194	21.025482167	5.0	https://api.panoramax.xyz/api/collections/f33ce23d-2e0f-4e98-9be4-e22760ab34ac/items/e2e9d99e-b583-41d9-89fa-0377da321ae8
f9566d56-b22a-4c77-b781-3238a56daa07	ed9fa131-af4e-42f6-8e3c-ed8bf742b139|sykul	2025-07-27T08:00:15.750000+00:00	taken	105.845390306	21.025468806	5.0	https://api.panoramax.xyz/api/collections/f33ce23d-2e0f-4e98-9be4-e22760ab34ac/items/f9566d56-b22a-4c77-b781-3238a56daa07
7bc41b8b-ff2e-437e-8f0a-c8df6f9902ee	ed9fa131-af4e-42f6-8e3c-ed8bf742b139|sykul	2025-07-27T08:34:29.654000+00:00	taken	105.845886222	21.025367722	5.0	https://api.panoramax.xyz/api/collections/4d5f9065-3ea7-4ae1-84d4-1d26c70612b6/items/7bc41b8b-ff2e-437e-8f0a-c8df6f9902ee
6ff98fa2-728e-455b-867d-92c6c31ea39b	ed9fa131-af4e-42f6-8e3c-ed8bf742b139|sykul	2025-07-27T08:00:21.721000+00:00	taken	105.845367417	21.025445917	5.0	https://api.panoramax.xyz/api/collections/f33ce23d-2e0f-4e98-9be4-e22760ab34ac/items/6ff98fa2-728e-455b-867d-92c6c31ea39b
9ae4ccbe-78da-41fc-b614-1ae0299d84ed	ed9fa131-af4e-42f6-8e3c-ed8bf742b139|sykul	2025-07-27T08:00:27.495000+00:00	taken	105.845314	21.025447833	5.0	https://api.panoramax.xyz/api/collections/f33ce23d-2e0f-4e98-9be4-e22760ab34ac/items/9ae4ccbe-78da-41fc-b614-1ae0299d84ed
65a9354a-987d-45e8-9ad9-6fe6f67de1f0	ed9fa131-af4e-42f6-8e3c-ed8bf742b139|sykul	2025-07-27T08:00:24.594000+00:00	taken	105.845344528	21.025440194	5.0	https://api.panoramax.xyz/api/collections/f33ce23d-2e0f-4e98-9be4-e22760ab34ac/items/65a9354a-987d-45e8-9ad9-6fe6f67de1f0
0e4220d7-007e-43d1-8cc0-648bb14d6938	ed9fa131-af4e-42f6-8e3c-ed8bf742b139|sykul	2025-07-27T08:00:30.607000+00:00	taken	105.845306389	21.025434472	5.0	https://api.panoramax.xyz/api/collections/f33ce23d-2e0f-4e98-9be4-e22760ab34ac/items/0e4220d7-007e-43d1-8cc0-648bb14d6938
d169c3be-0f85-4e86-84dd-4c41c8118a78	ed9fa131-af4e-42f6-8e3c-ed8bf742b139|sykul	2025-07-27T08:00:33.474000+00:00	taken	105.845321639	21.025411583	5.0	https://api.panoramax.xyz/api/collections/f33ce23d-2e0f-4e98-9be4-e22760ab34ac/items/d169c3be-0f85-4e86-84dd-4c41c8118a78
562deeb3-7293-4d7f-a615-f3ae979e89b6	ed9fa131-af4e-42f6-8e3c-ed8bf742b139|sykul	2025-07-27T08:34:32.651000+00:00	taken	105.845924361	21.025289528	5.0	https://api.panoramax.xyz/api/collections/4d5f9065-3ea7-4ae1-84d4-1d26c70612b6/items/562deeb3-7293-4d7f-a615-f3ae979e89b6
1a7c7abe-4b7c-4197-8dd7-d87bffaaf376	ed9fa131-af4e-42f6-8e3c-ed8bf742b139|sykul	2025-07-27T08:00:36.419000+00:00	taken	105.845344528	21.025386806	5.0	https://api.panoramax.xyz/api/collections/f33ce23d-2e0f-4e98-9be4-e22760ab34ac/items/1a7c7abe-4b7c-4197-8dd7-d87bffaaf376
ed2fc469-a394-4cae-830e-ce103cd581ba	ed9fa131-af4e-42f6-8e3c-ed8bf742b139|sykul	2025-07-27T08:00:39.457000+00:00	taken	105.845336889	21.025367722	5.0	https://api.panoramax.xyz/api/collections/f33ce23d-2e0f-4e98-9be4-e22760ab34ac/items/ed2fc469-a394-4cae-830e-ce103cd581ba
8a6f0e5b-3c82-4197-b96a-8b04258b7255	ed9fa131-af4e-42f6-8e3c-ed8bf742b139|sykul	2025-07-27T08:34:36.035000+00:00	taken	105.8459625	21.025257083	5.0	https://api.panoramax.xyz/api/collections/4d5f9065-3ea7-4ae1-84d4-1d26c70612b6/items/8a6f0e5b-3c82-4197-b96a-8b04258b7255
4b19634c-c611-4cb2-a0ed-3e035c4be869	ed9fa131-af4e-42f6-8e3c-ed8bf742b139|sykul	2025-07-27T08:34:39.099000+00:00	taken	105.8459625	21.025247556	5.0	https://api.panoramax.xyz/api/collections/4d5f9065-3ea7-4ae1-84d4-1d26c70612b6/items/4b19634c-c611-4cb2-a0ed-3e035c4be869
436daa14-da42-427b-97ed-72e2adff9f06	ed9fa131-af4e-42f6-8e3c-ed8bf742b139|sykul	2025-07-27T08:34:42.205000+00:00	taken	105.845970139	21.025241833	5.0	https://api.panoramax.xyz/api/collections/4d5f9065-3ea7-4ae1-84d4-1d26c70612b6/items/436daa14-da42-427b-97ed-72e2adff9f06
dcec1850-f1f3-4ab3-acea-354002ac5061	ed9fa131-af4e-42f6-8e3c-ed8bf742b139|sykul	2025-07-27T08:34:45.249000+00:00	taken	105.845985389	21.0252285	5.0	https://api.panoramax.xyz/api/collections/4d5f9065-3ea7-4ae1-84d4-1d26c70612b6/items/dcec1850-f1f3-4ab3-acea-354002ac5061
9dd2ecd6-d5c5-4d73-b2f3-cb8709c129d6	ed9fa131-af4e-42f6-8e3c-ed8bf742b139|sykul	2025-07-27T08:00:42.831000+00:00	taken	105.845329278	21.025337194	5.0	https://api.panoramax.xyz/api/collections/f33ce23d-2e0f-4e98-9be4-e22760ab34ac/items/9dd2ecd6-d5c5-4d73-b2f3-cb8709c129d6
99872f52-b550-4801-b507-24934891bf8d	ed9fa131-af4e-42f6-8e3c-ed8bf742b139|sykul	2025-07-27T08:00:45.809000+00:00	taken	105.845321639	21.025318139	5.0	https://api.panoramax.xyz/api/collections/f33ce23d-2e0f-4e98-9be4-e22760ab34ac/items/99872f52-b550-4801-b507-24934891bf8d
604e3d08-ffeb-49f6-9d80-6c09042b4ca0	ed9fa131-af4e-42f6-8e3c-ed8bf742b139|sykul	2025-07-27T08:00:49.187000+00:00	taken	105.845306389	21.025304778	5.0	https://api.panoramax.xyz/api/collections/f33ce23d-2e0f-4e98-9be4-e22760ab34ac/items/604e3d08-ffeb-49f6-9d80-6c09042b4ca0
033c3b99-87ef-4e63-99d1-b5b606c91716	ed9fa131-af4e-42f6-8e3c-ed8bf742b139|sykul	2025-07-27T10:38:40.729000+00:00	taken	105.845458972	21.024877528	5.0	https://api.panoramax.xyz/api/collections/50c4affa-fc61-4d57-9ea5-ba8744ee3a3e/items/033c3b99-87ef-4e63-99d1-b5b606c91716
32dd8fa5-ce2e-4276-b5c1-a8b109c3a8e0	ed9fa131-af4e-42f6-8e3c-ed8bf742b139|sykul	2025-07-27T10:38:50.350000+00:00	taken	105.845436083	21.024854639	5.0	https://api.panoramax.xyz/api/collections/50c4affa-fc61-4d57-9ea5-ba8744ee3a3e/items/32dd8fa5-ce2e-4276-b5c1-a8b109c3a8e0
78760624-88d5-4994-9935-ad7e6236a4d6	ed9fa131-af4e-42f6-8e3c-ed8bf742b139|sykul	2025-07-27T10:40:12.692000+00:00	taken	105.845191944	21.024732583	5.0	https://api.panoramax.xyz/api/collections/ddf9815c-6206-48f1-a593-33031a39504b/items/78760624-88d5-4994-9935-ad7e6236a4d6
f9b549ef-ef7d-468a-a86a-b0d08be22051	ed9fa131-af4e-42f6-8e3c-ed8bf742b139|sykul	2025-07-27T10:40:24.573000+00:00	taken	105.845108028	21.024702056	5.0	https://api.panoramax.xyz/api/collections/ddf9815c-6206-48f1-a593-33031a39504b/items/f9b549ef-ef7d-468a-a86a-b0d08be22051
cce31123-bbfa-4007-8c2c-fd8850423936	ed9fa131-af4e-42f6-8e3c-ed8bf742b139|sykul	2025-07-27T10:40:22.539000+00:00	taken	105.845069861	21.024618139	5.0	https://api.panoramax.xyz/api/collections/ddf9815c-6206-48f1-a593-33031a39504b/items/cce31123-bbfa-4007-8c2c-fd8850423936
672b2052-47c2-48a0-8dd1-d8cff5b451ea	ed9fa131-af4e-42f6-8e3c-ed8bf742b139|sykul	2025-07-30T09:36:38.671000+00:00	taken	105.8594055	21.024770722	5.0	https://api.panoramax.xyz/api/collections/ab594299-4ec3-4639-99a3-c1fca6a93f8f/items/672b2052-47c2-48a0-8dd1-d8cff5b451ea
1379c05e-8098-42de-aca5-83c501c4fdeb	ed9fa131-af4e-42f6-8e3c-ed8bf742b139|sykul	2025-07-30T09:38:00.378000+00:00	taken	105.859535194	21.024778361	5.0	https://api.panoramax.xyz/api/collections/ab594299-4ec3-4639-99a3-c1fca6a93f8f/items/1379c05e-8098-42de-aca5-83c501c4fdeb
4e03d9d6-540b-447f-a48b-8a40f65de347	ed9fa131-af4e-42f6-8e3c-ed8bf742b139|sykul	2025-07-30T09:37:39.124000+00:00	taken	105.859466528	21.024751639	5.0	https://api.panoramax.xyz/api/collections/ab594299-4ec3-4639-99a3-c1fca6a93f8f/items/4e03d9d6-540b-447f-a48b-8a40f65de347
9ab6a3c7-96f3-4ffa-b674-1c71e20fbd0f	ed9fa131-af4e-42f6-8e3c-ed8bf742b139|sykul	2025-07-30T08:31:02.795000+00:00	taken	105.859466528	21.024734472	5.0	https://api.panoramax.xyz/api/collections/dda03e99-f1db-449d-bd2c-fc9d1f7f8389/items/9ab6a3c7-96f3-4ffa-b674-1c71e20fbd0f
1e97a489-0bea-4f20-85ba-01e84b41f203	ed9fa131-af4e-42f6-8e3c-ed8bf742b139|sykul	2025-07-30T08:29:16.764000+00:00	taken	105.859466528	21.024650556	5.0	https://api.panoramax.xyz/api/collections/dda03e99-f1db-449d-bd2c-fc9d1f7f8389/items/1e97a489-0bea-4f20-85ba-01e84b41f203
203fa19e-6da1-4c6d-a0cf-1d0bc47b373c	ed9fa131-af4e-42f6-8e3c-ed8bf742b139|sykul	2025-07-30T08:29:00.591000+00:00	taken	105.85939025	21.024534222	5.0	https://api.panoramax.xyz/api/collections/dda03e99-f1db-449d-bd2c-fc9d1f7f8389/items/203fa19e-6da1-4c6d-a0cf-1d0bc47b373c
1eadce1c-37d0-44e5-b058-d9ea649d3a64	ed9fa131-af4e-42f6-8e3c-ed8bf742b139|sykul	2025-07-30T08:29:06.288000+00:00	taken	105.859466528	21.024551389	5.0	https://api.panoramax.xyz/api/collections/dda03e99-f1db-449d-bd2c-fc9d1f7f8389/items/1eadce1c-37d0-44e5-b058-d9ea649d3a64
7ca23845-2758-4c18-990e-2e686b404962	ed9fa131-af4e-42f6-8e3c-ed8bf742b139|sykul	2025-07-30T08:28:28.320000+00:00	taken	105.859344472	21.024330139	5.0	https://api.panoramax.xyz/api/collections/dda03e99-f1db-449d-bd2c-fc9d1f7f8389/items/7ca23845-2758-4c18-990e-2e686b404962
7704b06c-c15e-4ed8-abc4-6f8d31d7b39e	ed9fa131-af4e-42f6-8e3c-ed8bf742b139|sykul	2025-07-30T08:27:57.991000+00:00	taken	105.859504694	21.024206139	5.0	https://api.panoramax.xyz/api/collections/dda03e99-f1db-449d-bd2c-fc9d1f7f8389/items/7704b06c-c15e-4ed8-abc4-6f8d31d7b39e
6b61ad23-0cd0-47e7-bd82-7cffc425f128	ed9fa131-af4e-42f6-8e3c-ed8bf742b139|sykul	2025-07-30T08:28:04.254000+00:00	taken	105.859428389	21.024168	5.0	https://api.panoramax.xyz/api/collections/dda03e99-f1db-449d-bd2c-fc9d1f7f8389/items/6b61ad23-0cd0-47e7-bd82-7cffc425f128
0458baa6-87e3-4832-9413-140ff5dc2bb5	ed9fa131-af4e-42f6-8e3c-ed8bf742b139|sykul	2025-07-30T12:14:28.435000+00:00	taken	105.836830139	21.024833667	5.0	https://api.panoramax.xyz/api/collections/020448fa-c2ab-4651-9d0b-28a2dcc801f5/items/0458baa6-87e3-4832-9413-140ff5dc2bb5
7eb6b09a-cf0a-4e14-ab45-999991a660da	ed9fa131-af4e-42f6-8e3c-ed8bf742b139|sykul	2025-07-30T12:16:01.177000+00:00	taken	105.837318417	21.024423583	5.0	https://api.panoramax.xyz/api/collections/020448fa-c2ab-4651-9d0b-28a2dcc801f5/items/7eb6b09a-cf0a-4e14-ab45-999991a660da
f9ba0eb6-92e2-4e88-aaf0-52ea15271251	ed9fa131-af4e-42f6-8e3c-ed8bf742b139|sykul	2025-07-29T09:53:38.144000+00:00	taken	105.839286778	21.021711333	5.0	https://api.panoramax.xyz/api/collections/344cbaa8-b62d-4930-96cb-88613b7341c7/items/f9ba0eb6-92e2-4e88-aaf0-52ea15271251
8a6ebb31-c7e5-4b72-94d8-bb2d102d097f	ed9fa131-af4e-42f6-8e3c-ed8bf742b139|sykul	2025-07-29T09:53:28.228000+00:00	taken	105.839347833	21.021589278	5.0	https://api.panoramax.xyz/api/collections/344cbaa8-b62d-4930-96cb-88613b7341c7/items/8a6ebb31-c7e5-4b72-94d8-bb2d102d097f
846c07ae-f758-4049-9b9e-b1f59d8ed4bc	ed9fa131-af4e-42f6-8e3c-ed8bf742b139|sykul	2025-07-29T09:53:14.074000+00:00	taken	105.839172361	21.021520611	5.0	https://api.panoramax.xyz/api/collections/344cbaa8-b62d-4930-96cb-88613b7341c7/items/846c07ae-f758-4049-9b9e-b1f59d8ed4bc
d8cc667f-c869-4f7b-bfef-20d08da390eb	ed9fa131-af4e-42f6-8e3c-ed8bf742b139|sykul	2025-07-28T08:11:04.239000+00:00	taken	105.831932056	21.019723889	5.0	https://api.panoramax.xyz/api/collections/43ef35c5-11f9-4964-b882-9e6b6f22ead0/items/d8cc667f-c869-4f7b-bfef-20d08da390eb
3342f880-209d-4728-a156-57cf23289107	ed9fa131-af4e-42f6-8e3c-ed8bf742b139|sykul	2025-07-28T08:08:56.693000+00:00	taken	105.831802361	21.019626611	5.0	https://api.panoramax.xyz/api/collections/310cb584-1de1-4dcd-b77e-626dd1f0a8e2/items/3342f880-209d-4728-a156-57cf23289107
af0b73a4-7401-4dda-9b34-8875d75e1159	ed9fa131-af4e-42f6-8e3c-ed8bf742b139|sykul	2025-07-28T11:12:35.959000+00:00	taken	105.811698889	21.031972861	5.0	https://api.panoramax.xyz/api/collections/41e962c3-0bb3-42d3-b6f5-f4be2da13aeb/items/af0b73a4-7401-4dda-9b34-8875d75e1159
ec2165b7-f7ae-43ce-aa40-c2be09f9f0c8	ed9fa131-af4e-42f6-8e3c-ed8bf742b139|sykul	2025-07-28T09:31:13.685000+00:00	taken	105.812629694	21.028654083	5.0	https://api.panoramax.xyz/api/collections/3fccbbba-608f-4eb3-86df-497dae44972f/items/ec2165b7-f7ae-43ce-aa40-c2be09f9f0c8
c01b0e2b-b051-4464-b281-94694d36ad28	ed9fa131-af4e-42f6-8e3c-ed8bf742b139|sykul	2025-07-28T09:31:10.915000+00:00	taken	105.812622056	21.028638833	5.0	https://api.panoramax.xyz/api/collections/3fccbbba-608f-4eb3-86df-497dae44972f/items/c01b0e2b-b051-4464-b281-94694d36ad28
f0dfd11d-dc6d-4269-a3ba-c5c60ea66408	ed9fa131-af4e-42f6-8e3c-ed8bf742b139|sykul	2025-07-28T09:31:04.563000+00:00	taken	105.812606806	21.028589222	5.0	https://api.panoramax.xyz/api/collections/3fccbbba-608f-4eb3-86df-497dae44972f/items/f0dfd11d-dc6d-4269-a3ba-c5c60ea66408
4da0b357-32c1-4575-8a41-4e3f8f4b68f1	ed9fa131-af4e-42f6-8e3c-ed8bf742b139|sykul	2025-07-28T09:30:58.787000+00:00	taken	105.812591528	21.028549194	5.0	https://api.panoramax.xyz/api/collections/3fccbbba-608f-4eb3-86df-497dae44972f/items/4da0b357-32c1-4575-8a41-4e3f8f4b68f1
4d37ad39-da16-4701-97b4-eb3a2fd16b4e	ed9fa131-af4e-42f6-8e3c-ed8bf742b139|sykul	2025-07-28T09:30:54.767000+00:00	taken	105.812576278	21.028507222	5.0	https://api.panoramax.xyz/api/collections/3fccbbba-608f-4eb3-86df-497dae44972f/items/4d37ad39-da16-4701-97b4-eb3a2fd16b4e
f21f4d35-7d3c-4ec7-80ff-cdff71e33b81	ed9fa131-af4e-42f6-8e3c-ed8bf742b139|sykul	2025-07-28T09:30:49.767000+00:00	taken	105.812568639	21.028459528	5.0	https://api.panoramax.xyz/api/collections/3fccbbba-608f-4eb3-86df-497dae44972f/items/f21f4d35-7d3c-4ec7-80ff-cdff71e33b81
f1476b8a-275b-4bc7-866d-0289b132378e	ed9fa131-af4e-42f6-8e3c-ed8bf742b139|sykul	2025-07-28T09:30:43.924000+00:00	taken	105.812553389	21.028430917	5.0	https://api.panoramax.xyz/api/collections/3fccbbba-608f-4eb3-86df-497dae44972f/items/f1476b8a-275b-4bc7-866d-0289b132378e
3b958e79-2a52-40e2-9793-c1d43238a043	ed9fa131-af4e-42f6-8e3c-ed8bf742b139|sykul	2025-07-28T09:30:41.119000+00:00	taken	105.81254575	21.028415667	5.0	https://api.panoramax.xyz/api/collections/3fccbbba-608f-4eb3-86df-497dae44972f/items/3b958e79-2a52-40e2-9793-c1d43238a043
5e6c395b-fa74-49fe-a3a5-dffe9ddefdb2	ed9fa131-af4e-42f6-8e3c-ed8bf742b139|sykul	2025-07-28T09:30:37.133000+00:00	taken	105.812522861	21.028392778	5.0	https://api.panoramax.xyz/api/collections/3fccbbba-608f-4eb3-86df-497dae44972f/items/5e6c395b-fa74-49fe-a3a5-dffe9ddefdb2
b04f6d6f-76b9-4a89-b5dd-e96f7a61b43e	ed9fa131-af4e-42f6-8e3c-ed8bf742b139|sykul	2025-07-28T09:30:28.450000+00:00	taken	105.81251525	21.028329833	5.0	https://api.panoramax.xyz/api/collections/3fccbbba-608f-4eb3-86df-497dae44972f/items/b04f6d6f-76b9-4a89-b5dd-e96f7a61b43e
0933962b-3dda-447a-af6b-d4a6d65671e1	ed9fa131-af4e-42f6-8e3c-ed8bf742b139|sykul	2025-07-28T09:30:17.647000+00:00	taken	105.812469472	21.028236389	5.0	https://api.panoramax.xyz/api/collections/3fccbbba-608f-4eb3-86df-497dae44972f/items/0933962b-3dda-447a-af6b-d4a6d65671e1
1f34d869-b408-4be0-be7b-ac1d5b62cce7	ed9fa131-af4e-42f6-8e3c-ed8bf742b139|sykul	2025-07-28T09:30:07.403000+00:00	taken	105.812469472	21.028121944	5.0	https://api.panoramax.xyz/api/collections/3fccbbba-608f-4eb3-86df-497dae44972f/items/1f34d869-b408-4be0-be7b-ac1d5b62cce7
2ea4b4a0-a0a5-49d9-9660-f423a8ee0f85	ed9fa131-af4e-42f6-8e3c-ed8bf742b139|sykul	2025-07-28T09:30:00.242000+00:00	taken	105.812446583	21.028072333	5.0	https://api.panoramax.xyz/api/collections/3fccbbba-608f-4eb3-86df-497dae44972f/items/2ea4b4a0-a0a5-49d9-9660-f423a8ee0f85
ccc17ebe-3cab-48d4-90a6-5c64df45f7e7	ed9fa131-af4e-42f6-8e3c-ed8bf742b139|sykul	2025-07-28T08:36:00.604000+00:00	taken	105.812065111	21.02872275	5.0	https://api.panoramax.xyz/api/collections/2b475e88-1da8-4e87-8b41-24730628bc8e/items/ccc17ebe-3cab-48d4-90a6-5c64df45f7e7
ece8154c-17d9-4bab-baf7-ff46577712f4	ed9fa131-af4e-42f6-8e3c-ed8bf742b139|sykul	2025-07-28T09:29:56.290000+00:00	taken	105.812454222	21.028038	5.0	https://api.panoramax.xyz/api/collections/3fccbbba-608f-4eb3-86df-497dae44972f/items/ece8154c-17d9-4bab-baf7-ff46577712f4
52e4625a-b4b3-40a1-91da-e31b8bf2a951	ed9fa131-af4e-42f6-8e3c-ed8bf742b139|sykul	2025-07-28T09:29:52.001000+00:00	taken	105.812431333	21.027996056	5.0	https://api.panoramax.xyz/api/collections/3fccbbba-608f-4eb3-86df-497dae44972f/items/52e4625a-b4b3-40a1-91da-e31b8bf2a951
b4d521e2-63ae-4c4a-8886-d7e9e19bd6b9	ed9fa131-af4e-42f6-8e3c-ed8bf742b139|sykul	2025-07-28T09:29:49.702000+00:00	taken	105.812438944	21.027975056	5.0	https://api.panoramax.xyz/api/collections/3fccbbba-608f-4eb3-86df-497dae44972f/items/b4d521e2-63ae-4c4a-8886-d7e9e19bd6b9
c6fce829-4539-479f-b79d-fe05ff829b44	ed9fa131-af4e-42f6-8e3c-ed8bf742b139|sykul	2025-07-28T09:29:23.926000+00:00	taken	105.812416056	21.027761444	5.0	https://api.panoramax.xyz/api/collections/3fccbbba-608f-4eb3-86df-497dae44972f/items/c6fce829-4539-479f-b79d-fe05ff829b44
de461bcc-b73a-45e7-b2ea-c5a523fa9151	ed9fa131-af4e-42f6-8e3c-ed8bf742b139|sykul	2025-07-28T09:29:10.889000+00:00	taken	105.812385556	21.027669889	5.0	https://api.panoramax.xyz/api/collections/3fccbbba-608f-4eb3-86df-497dae44972f/items/de461bcc-b73a-45e7-b2ea-c5a523fa9151
7d23d1fd-19c0-4882-83e2-013f7c10f098	ed9fa131-af4e-42f6-8e3c-ed8bf742b139|sykul	2025-07-28T09:29:01.732000+00:00	taken	105.812362667	21.027582167	5.0	https://api.panoramax.xyz/api/collections/3fccbbba-608f-4eb3-86df-497dae44972f/items/7d23d1fd-19c0-4882-83e2-013f7c10f098
74e9215b-2312-4966-adf4-6a2d80d529ba	ed9fa131-af4e-42f6-8e3c-ed8bf742b139|sykul	2025-07-28T09:28:35.925000+00:00	taken	105.812271111	21.027399056	5.0	https://api.panoramax.xyz/api/collections/3fccbbba-608f-4eb3-86df-497dae44972f/items/74e9215b-2312-4966-adf4-6a2d80d529ba
f7b92591-c038-410b-9e22-2e752ada6741	ed9fa131-af4e-42f6-8e3c-ed8bf742b139|sykul	2025-07-28T09:28:30.046000+00:00	taken	105.812271111	21.027341833	5.0	https://api.panoramax.xyz/api/collections/3fccbbba-608f-4eb3-86df-497dae44972f/items/f7b92591-c038-410b-9e22-2e752ada6741
18ff9e55-54eb-412e-b949-f35376ef8fbe	ed9fa131-af4e-42f6-8e3c-ed8bf742b139|sykul	2025-07-28T09:28:17.784000+00:00	taken	105.812164306	21.027246472	5.0	https://api.panoramax.xyz/api/collections/3fccbbba-608f-4eb3-86df-497dae44972f/items/18ff9e55-54eb-412e-b949-f35376ef8fbe
8a3344e1-fdfc-4c8c-a60c-5257504a6322	ed9fa131-af4e-42f6-8e3c-ed8bf742b139|sykul	2025-07-28T09:28:05.321000+00:00	taken	105.812179556	21.027194972	5.0	https://api.panoramax.xyz/api/collections/3fccbbba-608f-4eb3-86df-497dae44972f/items/8a3344e1-fdfc-4c8c-a60c-5257504a6322
9de4afde-e41f-4736-a2a8-8859a360a885	ed9fa131-af4e-42f6-8e3c-ed8bf742b139|sykul	2025-07-28T09:27:57.075000+00:00	taken	105.812194806	21.027133917	5.0	https://api.panoramax.xyz/api/collections/3fccbbba-608f-4eb3-86df-497dae44972f/items/9de4afde-e41f-4736-a2a8-8859a360a885
860a1f43-2443-4bb1-b2fb-74e47176069a	ed9fa131-af4e-42f6-8e3c-ed8bf742b139|sykul	2025-07-28T09:27:50.689000+00:00	taken	105.812194806	21.02708625	5.0	https://api.panoramax.xyz/api/collections/3fccbbba-608f-4eb3-86df-497dae44972f/items/860a1f43-2443-4bb1-b2fb-74e47176069a
b8ec9991-49be-4c74-a180-d6f9d91fb563	ed9fa131-af4e-42f6-8e3c-ed8bf742b139|sykul	2025-07-28T09:27:36.702000+00:00	taken	105.812187194	21.027036667	5.0	https://api.panoramax.xyz/api/collections/3fccbbba-608f-4eb3-86df-497dae44972f/items/b8ec9991-49be-4c74-a180-d6f9d91fb563
902b9998-3d4d-4985-b29d-e667994f67f2	ed9fa131-af4e-42f6-8e3c-ed8bf742b139|sykul	2025-07-28T09:27:31.232000+00:00	taken	105.812179556	21.0269985	5.0	https://api.panoramax.xyz/api/collections/3fccbbba-608f-4eb3-86df-497dae44972f/items/902b9998-3d4d-4985-b29d-e667994f67f2
79605a83-552f-46ed-ac52-bb41f2d1632e	ed9fa131-af4e-42f6-8e3c-ed8bf742b139|sykul	2025-07-28T09:27:27.379000+00:00	taken	105.812164306	21.026954639	5.0	https://api.panoramax.xyz/api/collections/3fccbbba-608f-4eb3-86df-497dae44972f/items/79605a83-552f-46ed-ac52-bb41f2d1632e
119683c2-66ad-47ad-bd49-574a51734f3c	ed9fa131-af4e-42f6-8e3c-ed8bf742b139|sykul	2025-07-28T09:27:13.359000+00:00	taken	105.812164306	21.02688025	5.0	https://api.panoramax.xyz/api/collections/3fccbbba-608f-4eb3-86df-497dae44972f/items/119683c2-66ad-47ad-bd49-574a51734f3c
e316ccdf-1c86-4e1d-bb2a-dea7c9a10735	ed9fa131-af4e-42f6-8e3c-ed8bf742b139|sykul	2025-07-28T09:26:39.522000+00:00	taken	105.812263472	21.026609417	5.0	https://api.panoramax.xyz/api/collections/3fccbbba-608f-4eb3-86df-497dae44972f/items/e316ccdf-1c86-4e1d-bb2a-dea7c9a10735
a3b1ec4b-3511-45fb-920c-dbcdbcb98e4d	ed9fa131-af4e-42f6-8e3c-ed8bf742b139|sykul	2025-07-28T09:26:45.048000+00:00	taken	105.812232944	21.026517861	5.0	https://api.panoramax.xyz/api/collections/3fccbbba-608f-4eb3-86df-497dae44972f/items/a3b1ec4b-3511-45fb-920c-dbcdbcb98e4d
d02f7f62-9841-4987-9d87-3ca32a66495f	ed9fa131-af4e-42f6-8e3c-ed8bf742b139|sykul	2025-07-31T23:56:30.374000+00:00	taken	105.865707389	21.008377056	5.0	https://api.panoramax.xyz/api/collections/48c22c9b-179d-4841-b4b1-68602f9de31f/items/d02f7f62-9841-4987-9d87-3ca32a66495f
8c7ead10-0d4a-48ac-ad91-8fecf2b69648	ed9fa131-af4e-42f6-8e3c-ed8bf742b139|sykul	2025-07-28T09:26:57.043000+00:00	taken	105.812133778	21.026638028	5.0	https://api.panoramax.xyz/api/collections/3fccbbba-608f-4eb3-86df-497dae44972f/items/8c7ead10-0d4a-48ac-ad91-8fecf2b69648
